dataset	estimator	fit_score_time	fit_score_time_rank	fit_score_time_victories	fit_time	fit_time_rank	fit_time_victories	score_time	score_time_rank	score_time_victories	test_accuracy	test_accuracy_rank	test_accuracy_victories	test_f1_macro	test_f1_macro_rank	test_f1_macro_victories	test_f1_micro	test_f1_micro_rank	test_f1_micro_victories	test_f1_samples	test_f1_samples_rank	test_f1_samples_victories	test_f1_weighted	test_f1_weighted_rank	test_f1_weighted_victories	test_jaccard_macro	test_jaccard_macro_rank	test_jaccard_macro_victories	test_jaccard_micro	test_jaccard_micro_rank	test_jaccard_micro_victories	test_jaccard_samples	test_jaccard_samples_rank	test_jaccard_samples_victories	test_jaccard_weighted	test_jaccard_weighted_rank	test_jaccard_weighted_victories	test_precision_macro	test_precision_macro_rank	test_precision_macro_victories	test_precision_micro	test_precision_micro_rank	test_precision_micro_victories	test_precision_samples	test_precision_samples_rank	test_precision_samples_victories	test_precision_weighted	test_precision_weighted_rank	test_precision_weighted_victories	test_recall_macro	test_recall_macro_rank	test_recall_macro_victories	test_recall_micro	test_recall_micro_rank	test_recall_micro_victories	test_recall_samples	test_recall_samples_rank	test_recall_samples_victories	test_recall_weighted	test_recall_weighted_rank	test_recall_weighted_victories
Corel5k	embedding__10	766.5 (20.08)	1.0 (0.0)	1.0 (0.0)	744.26 (22.94)	1.0 (0.0)	1.0 (0.0)	22.23 (3.1)	1.0 (0.0)	1.0 (0.0)	0.0 (0.0)	0.34 (0.09)	0.0 (0.0)	0.0 (0.0)	0.4 (0.0)	0.0 (0.0)	0.0 (0.0)	0.4 (0.0)	0.0 (0.0)	0.0 (0.0)	0.4 (0.0)	0.0 (0.0)	0.0 (0.0)	0.4 (0.0)	0.0 (0.0)	0.0 (0.0)	0.4 (0.0)	0.0 (0.0)	0.0 (0.0)	0.4 (0.0)	0.0 (0.0)	0.0 (0.0)	0.4 (0.0)	0.0 (0.0)	0.0 (0.0)	0.4 (0.0)	0.0 (0.0)	0.01 (0.01)	0.36 (0.09)	0.0 (0.0)	0.57 (0.26)	0.78 (0.25)	0.4 (0.55)	0.0 (0.0)	0.4 (0.0)	0.0 (0.0)	0.05 (0.03)	0.36 (0.09)	0.0 (0.0)	0.0 (0.0)	0.4 (0.0)	0.0 (0.0)	0.0 (0.0)	0.4 (0.0)	0.0 (0.0)	0.0 (0.0)	0.4 (0.0)	0.0 (0.0)	0.0 (0.0)	0.4 (0.0)	0.0 (0.0)
Corel5k	embedding__5	402.25 (10.06)	0.8 (0.0)	0.0 (0.0)	389.22 (13.09)	0.8 (0.0)	0.0 (0.0)	13.03 (3.35)	0.8 (0.0)	0.0 (0.0)	0.0 (0.0)	0.26 (0.09)	0.0 (0.0)	0.0 (0.0)	0.2 (0.0)	0.0 (0.0)	0.0 (0.0)	0.2 (0.0)	0.0 (0.0)	0.0 (0.0)	0.2 (0.0)	0.0 (0.0)	0.0 (0.0)	0.2 (0.0)	0.0 (0.0)	0.0 (0.0)	0.2 (0.0)	0.0 (0.0)	0.0 (0.0)	0.2 (0.0)	0.0 (0.0)	0.0 (0.0)	0.2 (0.0)	0.0 (0.0)	0.0 (0.0)	0.2 (0.0)	0.0 (0.0)	0.0 (0.0)	0.24 (0.09)	0.0 (0.0)	0.1 (0.22)	0.3 (0.22)	0.0 (0.0)	0.0 (0.0)	0.2 (0.0)	0.0 (0.0)	0.01 (0.03)	0.24 (0.09)	0.0 (0.0)	0.0 (0.0)	0.2 (0.0)	0.0 (0.0)	0.0 (0.0)	0.2 (0.0)	0.0 (0.0)	0.0 (0.0)	0.2 (0.0)	0.0 (0.0)	0.0 (0.0)	0.2 (0.0)	0.0 (0.0)
Corel5k	proba__10	83.1 (3.22)	0.6 (0.0)	0.0 (0.0)	77.42 (3.34)	0.6 (0.0)	0.0 (0.0)	5.68 (0.2)	0.6 (0.0)	0.0 (0.0)	0.01 (0.0)	0.8 (0.2)	0.4 (0.55)	0.03 (0.0)	0.68 (0.18)	0.2 (0.45)	0.18 (0.0)	0.88 (0.11)	0.4 (0.55)	0.15 (0.01)	0.96 (0.09)	0.8 (0.45)	0.13 (0.0)	0.88 (0.11)	0.4 (0.55)	0.02 (0.0)	0.68 (0.18)	0.2 (0.45)	0.1 (0.0)	0.88 (0.11)	0.4 (0.55)	0.11 (0.0)	0.88 (0.11)	0.4 (0.55)	0.08 (0.0)	0.88 (0.11)	0.4 (0.55)	0.09 (0.01)	0.68 (0.11)	0.0 (0.0)	0.39 (0.01)	0.44 (0.09)	0.0 (0.0)	0.27 (0.01)	1.0 (0.0)	1.0 (0.0)	0.25 (0.01)	0.64 (0.09)	0.0 (0.0)	0.02 (0.0)	0.76 (0.17)	0.2 (0.45)	0.11 (0.0)	0.92 (0.11)	0.6 (0.55)	0.11 (0.0)	0.88 (0.11)	0.4 (0.55)	0.11 (0.0)	0.92 (0.11)	0.6 (0.55)
Corel5k	proba__2	42.62 (1.64)	0.2 (0.0)	0.0 (0.0)	38.64 (1.89)	0.2 (0.0)	0.0 (0.0)	3.98 (0.46)	0.2 (0.0)	0.0 (0.0)	0.01 (0.0)	0.8 (0.14)	0.2 (0.45)	0.04 (0.0)	0.8 (0.14)	0.2 (0.45)	0.14 (0.01)	0.6 (0.0)	0.0 (0.0)	0.11 (0.01)	0.6 (0.0)	0.0 (0.0)	0.12 (0.01)	0.64 (0.09)	0.0 (0.0)	0.02 (0.0)	0.84 (0.17)	0.4 (0.55)	0.08 (0.0)	0.6 (0.0)	0.0 (0.0)	0.08 (0.0)	0.6 (0.0)	0.0 (0.0)	0.07 (0.01)	0.64 (0.09)	0.0 (0.0)	0.11 (0.02)	0.88 (0.18)	0.6 (0.55)	0.49 (0.03)	0.88 (0.18)	0.6 (0.55)	0.2 (0.01)	0.6 (0.0)	0.0 (0.0)	0.29 (0.02)	0.96 (0.09)	0.8 (0.45)	0.02 (0.0)	0.72 (0.18)	0.2 (0.45)	0.08 (0.01)	0.6 (0.0)	0.0 (0.0)	0.08 (0.01)	0.6 (0.0)	0.0 (0.0)	0.08 (0.01)	0.6 (0.0)	0.0 (0.0)
Corel5k	proba__6	62.22 (2.44)	0.4 (0.0)	0.0 (0.0)	57.46 (2.74)	0.4 (0.0)	0.0 (0.0)	4.77 (0.38)	0.4 (0.0)	0.0 (0.0)	0.01 (0.0)	0.8 (0.2)	0.4 (0.55)	0.04 (0.0)	0.92 (0.11)	0.6 (0.55)	0.17 (0.01)	0.92 (0.11)	0.6 (0.55)	0.14 (0.01)	0.84 (0.09)	0.2 (0.45)	0.14 (0.01)	0.88 (0.18)	0.6 (0.55)	0.02 (0.0)	0.88 (0.11)	0.4 (0.55)	0.09 (0.01)	0.92 (0.11)	0.6 (0.55)	0.1 (0.01)	0.92 (0.11)	0.6 (0.55)	0.08 (0.0)	0.88 (0.18)	0.6 (0.55)	0.11 (0.01)	0.84 (0.17)	0.4 (0.55)	0.41 (0.02)	0.6 (0.24)	0.0 (0.0)	0.25 (0.01)	0.8 (0.0)	0.0 (0.0)	0.28 (0.02)	0.8 (0.14)	0.2 (0.45)	0.02 (0.0)	0.92 (0.11)	0.6 (0.55)	0.11 (0.01)	0.88 (0.11)	0.4 (0.55)	0.11 (0.01)	0.92 (0.11)	0.6 (0.55)	0.11 (0.01)	0.88 (0.11)	0.4 (0.55)
all_datasets	embedding__10	1.0 (0.0)	1.0 (0.0)	1.0 (0.0)	1.0 (0.0)	1.0 (0.0)	1.0 (0.0)	1.0 (0.0)	1.0 (0.0)	1.0 (0.0)	0.4 (0.16)	0.38 (0.18)	0.0 (0.0)	0.34 (0.06)	0.32 (0.1)	0.0 (0.0)	0.36 (0.1)	0.35 (0.15)	0.0 (0.0)	0.37 (0.13)	0.35 (0.15)	0.0 (0.0)	0.34 (0.09)	0.32 (0.13)	0.0 (0.0)	0.34 (0.08)	0.34 (0.12)	0.0 (0.0)	0.36 (0.1)	0.35 (0.15)	0.0 (0.0)	0.37 (0.13)	0.36 (0.14)	0.0 (0.0)	0.35 (0.08)	0.33 (0.13)	0.0 (0.0)	0.45 (0.18)	0.39 (0.24)	0.0 (0.0)	<b>0.7 (0.17)</b>	<b>0.69 (0.24)</b>	<b>0.17 (0.39)</b>	0.37 (0.12)	0.33 (0.13)	0.0 (0.0)	0.48 (0.17)	0.42 (0.24)	0.0 (0.0)	0.36 (0.11)	0.36 (0.12)	0.0 (0.0)	0.37 (0.12)	0.34 (0.14)	0.0 (0.0)	0.38 (0.13)	0.35 (0.15)	0.0 (0.0)	0.37 (0.12)	0.34 (0.14)	0.0 (0.0)
all_datasets	embedding__5	0.8 (0.0)	0.8 (0.0)	0.0 (0.0)	0.8 (0.0)	0.8 (0.0)	0.0 (0.0)	0.78 (0.03)	0.8 (0.0)	0.0 (0.0)	0.38 (0.18)	0.37 (0.24)	0.08 (0.29)	0.34 (0.13)	0.32 (0.13)	0.0 (0.0)	0.33 (0.1)	0.31 (0.1)	0.0 (0.0)	0.34 (0.11)	0.32 (0.1)	0.0 (0.0)	0.33 (0.11)	0.32 (0.13)	0.0 (0.0)	0.34 (0.12)	0.31 (0.13)	0.0 (0.0)	0.33 (0.1)	0.31 (0.1)	0.0 (0.0)	0.34 (0.11)	0.31 (0.1)	0.0 (0.0)	0.33 (0.11)	0.32 (0.13)	0.0 (0.0)	0.48 (0.2)	0.42 (0.26)	0.08 (0.29)	<b>0.74 (0.2)</b>	<b>0.76 (0.27)</b>	<b>0.42 (0.51)</b>	0.41 (0.2)	0.42 (0.25)	0.08 (0.29)	0.52 (0.18)	0.51 (0.28)	0.08 (0.29)	0.31 (0.09)	0.29 (0.13)	0.0 (0.0)	0.3 (0.08)	0.28 (0.1)	0.0 (0.0)	0.34 (0.11)	0.32 (0.1)	0.0 (0.0)	0.3 (0.08)	0.28 (0.1)	0.0 (0.0)
all_datasets	proba__10	0.6 (0.0)	0.6 (0.0)	0.0 (0.0)	0.6 (0.0)	0.6 (0.0)	0.0 (0.0)	0.62 (0.03)	0.6 (0.0)	0.0 (0.0)	0.68 (0.19)	0.65 (0.26)	0.17 (0.39)	0.72 (0.16)	0.7 (0.2)	0.08 (0.29)	<b>0.75 (0.19)</b>	<b>0.72 (0.27)</b>	<b>0.33 (0.49)</b>	<b>0.76 (0.24)</b>	<b>0.75 (0.3)</b>	<b>0.42 (0.51)</b>	<b>0.76 (0.18)</b>	<b>0.72 (0.24)</b>	<b>0.17 (0.39)</b>	0.72 (0.15)	0.68 (0.22)	0.08 (0.29)	<b>0.75 (0.19)</b>	<b>0.72 (0.27)</b>	<b>0.33 (0.49)</b>	<b>0.75 (0.22)</b>	<b>0.73 (0.29)</b>	<b>0.33 (0.49)</b>	<b>0.75 (0.19)</b>	<b>0.72 (0.27)</b>	<b>0.25 (0.45)</b>	0.61 (0.13)	0.56 (0.2)	0.0 (0.0)	0.35 (0.13)	0.27 (0.13)	0.0 (0.0)	<b>0.74 (0.28)</b>	<b>0.72 (0.32)</b>	<b>0.33 (0.49)</b>	0.56 (0.11)	0.47 (0.23)	0.0 (0.0)	<b>0.77 (0.16)</b>	<b>0.78 (0.26)</b>	<b>0.42 (0.51)</b>	<b>0.79 (0.17)</b>	<b>0.77 (0.21)</b>	<b>0.33 (0.49)</b>	<b>0.75 (0.22)</b>	<b>0.72 (0.29)</b>	<b>0.33 (0.49)</b>	<b>0.79 (0.17)</b>	<b>0.77 (0.21)</b>	<b>0.33 (0.49)</b>
all_datasets	proba__2	<b>0.2 (0.0)</b>	<b>0.2 (0.0)</b>	<b>0.0 (0.0)</b>	<b>0.2 (0.0)</b>	<b>0.2 (0.0)</b>	<b>0.0 (0.0)</b>	<b>0.2 (0.0)</b>	<b>0.2 (0.0)</b>	<b>0.0 (0.0)</b>	<b>0.82 (0.08)</b>	<b>0.88 (0.18)</b>	<b>0.67 (0.49)</b>	<b>0.82 (0.06)</b>	<b>0.87 (0.14)</b>	<b>0.42 (0.51)</b>	<b>0.76 (0.14)</b>	<b>0.78 (0.2)</b>	<b>0.42 (0.51)</b>	<b>0.74 (0.15)</b>	<b>0.78 (0.19)</b>	<b>0.33 (0.49)</b>	0.76 (0.12)	0.78 (0.19)	0.33 (0.49)	<b>0.83 (0.06)</b>	<b>0.89 (0.14)</b>	<b>0.58 (0.51)</b>	<b>0.76 (0.14)</b>	<b>0.78 (0.2)</b>	<b>0.42 (0.51)</b>	<b>0.75 (0.16)</b>	<b>0.79 (0.2)</b>	<b>0.42 (0.51)</b>	<b>0.76 (0.13)</b>	<b>0.77 (0.19)</b>	<b>0.33 (0.49)</b>	<b>0.78 (0.13)</b>	<b>0.91 (0.15)</b>	<b>0.58 (0.51)</b>	<b>0.73 (0.12)</b>	<b>0.78 (0.19)</b>	<b>0.33 (0.49)</b>	0.7 (0.13)	0.72 (0.16)	0.17 (0.39)	<b>0.79 (0.14)</b>	<b>0.9 (0.15)</b>	<b>0.58 (0.51)</b>	0.76 (0.08)	0.78 (0.18)	0.33 (0.49)	0.73 (0.14)	0.75 (0.18)	0.25 (0.45)	0.73 (0.14)	0.77 (0.18)	0.25 (0.45)	0.73 (0.14)	0.75 (0.18)	0.25 (0.45)
all_datasets	proba__6	0.4 (0.0)	0.4 (0.0)	0.0 (0.0)	0.4 (0.0)	0.4 (0.0)	0.0 (0.0)	0.4 (0.0)	0.4 (0.0)	0.0 (0.0)	0.73 (0.14)	0.72 (0.16)	0.0 (0.0)	0.78 (0.08)	0.8 (0.15)	0.25 (0.45)	<b>0.81 (0.11)</b>	<b>0.83 (0.12)</b>	<b>0.25 (0.45)</b>	<b>0.8 (0.1)</b>	<b>0.81 (0.09)</b>	<b>0.08 (0.29)</b>	<b>0.81 (0.09)</b>	<b>0.86 (0.12)</b>	<b>0.25 (0.45)</b>	0.77 (0.07)	0.78 (0.14)	0.17 (0.39)	<b>0.81 (0.11)</b>	<b>0.83 (0.12)</b>	<b>0.25 (0.45)</b>	<b>0.79 (0.12)</b>	<b>0.81 (0.12)</b>	<b>0.17 (0.39)</b>	<b>0.81 (0.11)</b>	<b>0.85 (0.12)</b>	<b>0.25 (0.45)</b>	0.67 (0.14)	0.72 (0.18)	0.08 (0.29)	0.49 (0.15)	0.51 (0.22)	0.0 (0.0)	<b>0.78 (0.11)</b>	<b>0.82 (0.16)</b>	<b>0.33 (0.49)</b>	0.65 (0.14)	0.71 (0.17)	0.08 (0.29)	<b>0.79 (0.08)</b>	<b>0.8 (0.14)</b>	<b>0.25 (0.45)</b>	<b>0.81 (0.09)</b>	<b>0.86 (0.12)</b>	<b>0.33 (0.49)</b>	<b>0.8 (0.11)</b>	<b>0.84 (0.12)</b>	<b>0.25 (0.45)</b>	<b>0.81 (0.09)</b>	<b>0.86 (0.12)</b>	<b>0.33 (0.49)</b>
birds	embedding__10	124.1 (0.83)	1.0 (0.0)	1.0 (0.0)	120.58 (1.25)	1.0 (0.0)	1.0 (0.0)	3.53 (0.47)	1.0 (0.0)	1.0 (0.0)	0.52 (0.05)	0.34 (0.22)	0.0 (0.0)	0.09 (0.03)	0.24 (0.09)	0.0 (0.0)	0.15 (0.05)	0.24 (0.09)	0.0 (0.0)	0.05 (0.01)	0.24 (0.09)	0.0 (0.0)	0.13 (0.04)	0.24 (0.09)	0.0 (0.0)	0.06 (0.02)	0.24 (0.09)	0.0 (0.0)	0.08 (0.03)	0.24 (0.09)	0.0 (0.0)	0.05 (0.01)	0.24 (0.09)	0.0 (0.0)	0.08 (0.03)	0.24 (0.09)	0.0 (0.0)	0.26 (0.07)	0.32 (0.11)	0.0 (0.0)	0.93 (0.1)	0.76 (0.25)	0.2 (0.45)	0.07 (0.01)	0.24 (0.09)	0.0 (0.0)	0.34 (0.11)	0.28 (0.11)	0.0 (0.0)	0.06 (0.02)	0.24 (0.09)	0.0 (0.0)	0.08 (0.03)	0.24 (0.09)	0.0 (0.0)	0.05 (0.01)	0.24 (0.09)	0.0 (0.0)	0.08 (0.03)	0.24 (0.09)	0.0 (0.0)
birds	embedding__5	21.5 (0.36)	0.8 (0.0)	0.0 (0.0)	19.52 (0.45)	0.8 (0.0)	0.0 (0.0)	1.97 (0.12)	0.72 (0.11)	0.0 (0.0)	0.52 (0.07)	0.56 (0.36)	0.2 (0.45)	0.13 (0.04)	0.36 (0.09)	0.0 (0.0)	0.21 (0.06)	0.36 (0.09)	0.0 (0.0)	0.07 (0.02)	0.36 (0.09)	0.0 (0.0)	0.18 (0.07)	0.36 (0.09)	0.0 (0.0)	0.08 (0.03)	0.36 (0.09)	0.0 (0.0)	0.12 (0.04)	0.36 (0.09)	0.0 (0.0)	0.06 (0.02)	0.36 (0.09)	0.0 (0.0)	0.12 (0.04)	0.36 (0.09)	0.0 (0.0)	0.32 (0.13)	0.36 (0.26)	0.0 (0.0)	0.94 (0.06)	0.88 (0.08)	0.2 (0.45)	0.09 (0.02)	0.36 (0.09)	0.0 (0.0)	0.45 (0.15)	0.4 (0.24)	0.0 (0.0)	0.08 (0.03)	0.36 (0.09)	0.0 (0.0)	0.12 (0.04)	0.36 (0.09)	0.0 (0.0)	0.06 (0.02)	0.36 (0.09)	0.0 (0.0)	0.12 (0.04)	0.36 (0.09)	0.0 (0.0)
birds	proba__10	11.26 (0.33)	0.6 (0.0)	0.0 (0.0)	9.32 (0.25)	0.6 (0.0)	0.0 (0.0)	1.94 (0.12)	0.68 (0.11)	0.0 (0.0)	0.56 (0.01)	0.66 (0.09)	0.0 (0.0)	0.26 (0.04)	0.72 (0.18)	0.2 (0.45)	0.45 (0.03)	0.72 (0.18)	0.2 (0.45)	0.18 (0.02)	0.8 (0.2)	0.4 (0.55)	0.38 (0.03)	0.72 (0.18)	0.2 (0.45)	0.19 (0.03)	0.72 (0.18)	0.2 (0.45)	0.29 (0.03)	0.72 (0.18)	0.2 (0.45)	0.15 (0.02)	0.8 (0.14)	0.2 (0.45)	0.28 (0.02)	0.72 (0.18)	0.2 (0.45)	0.46 (0.06)	0.64 (0.22)	0.2 (0.45)	0.81 (0.04)	0.4 (0.2)	0.0 (0.0)	0.23 (0.03)	0.8 (0.2)	0.4 (0.55)	0.59 (0.05)	0.64 (0.22)	0.2 (0.45)	0.21 (0.03)	0.72 (0.18)	0.2 (0.45)	0.32 (0.04)	0.76 (0.17)	0.2 (0.45)	0.16 (0.02)	0.72 (0.11)	0.0 (0.0)	0.32 (0.04)	0.76 (0.17)	0.2 (0.45)
birds	proba__2	3.47 (0.06)	0.2 (0.0)	0.0 (0.0)	2.77 (0.04)	0.2 (0.0)	0.0 (0.0)	0.7 (0.02)	0.2 (0.0)	0.0 (0.0)	0.57 (0.02)	0.88 (0.18)	0.6 (0.55)	0.31 (0.07)	0.8 (0.2)	0.4 (0.55)	0.48 (0.06)	0.8 (0.2)	0.4 (0.55)	0.18 (0.03)	0.8 (0.2)	0.4 (0.55)	0.42 (0.06)	0.8 (0.2)	0.4 (0.55)	0.22 (0.05)	0.8 (0.2)	0.4 (0.55)	0.32 (0.05)	0.8 (0.2)	0.4 (0.55)	0.16 (0.03)	0.84 (0.22)	0.6 (0.55)	0.31 (0.05)	0.8 (0.2)	0.4 (0.55)	0.59 (0.11)	0.84 (0.17)	0.4 (0.55)	0.85 (0.03)	0.6 (0.28)	0.2 (0.45)	0.23 (0.03)	0.8 (0.2)	0.4 (0.55)	0.68 (0.1)	0.84 (0.17)	0.4 (0.55)	0.24 (0.06)	0.8 (0.2)	0.4 (0.55)	0.34 (0.06)	0.76 (0.22)	0.4 (0.55)	0.16 (0.03)	0.84 (0.22)	0.6 (0.55)	0.34 (0.06)	0.76 (0.22)	0.4 (0.55)
birds	proba__6	7.4 (0.19)	0.4 (0.0)	0.0 (0.0)	6.07 (0.14)	0.4 (0.0)	0.0 (0.0)	1.33 (0.08)	0.4 (0.0)	0.0 (0.0)	0.55 (0.02)	0.56 (0.26)	0.2 (0.45)	0.29 (0.03)	0.88 (0.11)	0.4 (0.55)	0.47 (0.01)	0.88 (0.11)	0.4 (0.55)	0.18 (0.02)	0.8 (0.14)	0.2 (0.45)	0.4 (0.02)	0.88 (0.11)	0.4 (0.55)	0.21 (0.02)	0.88 (0.11)	0.4 (0.55)	0.31 (0.01)	0.88 (0.11)	0.4 (0.55)	0.16 (0.02)	0.76 (0.17)	0.2 (0.45)	0.3 (0.01)	0.88 (0.11)	0.4 (0.55)	0.57 (0.13)	0.84 (0.17)	0.4 (0.55)	0.8 (0.05)	0.36 (0.22)	0.0 (0.0)	0.23 (0.01)	0.8 (0.14)	0.2 (0.45)	0.65 (0.1)	0.84 (0.17)	0.4 (0.55)	0.23 (0.01)	0.88 (0.11)	0.4 (0.55)	0.34 (0.01)	0.88 (0.11)	0.4 (0.55)	0.16 (0.02)	0.84 (0.17)	0.4 (0.55)	0.34 (0.01)	0.88 (0.11)	0.4 (0.55)
emotions	embedding__10	40.65 (0.65)	1.0 (0.0)	1.0 (0.0)	37.36 (0.9)	1.0 (0.0)	1.0 (0.0)	3.29 (0.25)	1.0 (0.0)	1.0 (0.0)	0.33 (0.05)	0.64 (0.3)	0.2 (0.45)	0.62 (0.04)	0.48 (0.18)	0.0 (0.0)	0.66 (0.03)	0.56 (0.22)	0.0 (0.0)	0.62 (0.04)	0.64 (0.3)	0.2 (0.45)	0.64 (0.04)	0.52 (0.18)	0.0 (0.0)	0.47 (0.04)	0.52 (0.23)	0.0 (0.0)	0.5 (0.04)	0.56 (0.22)	0.0 (0.0)	0.54 (0.04)	0.6 (0.28)	0.2 (0.45)	0.49 (0.04)	0.52 (0.18)	0.0 (0.0)	0.74 (0.03)	0.48 (0.23)	0.0 (0.0)	0.73 (0.02)	0.4 (0.14)	0.0 (0.0)	0.68 (0.03)	0.68 (0.33)	0.4 (0.55)	0.74 (0.02)	0.48 (0.23)	0.0 (0.0)	0.58 (0.05)	0.64 (0.3)	0.2 (0.45)	0.61 (0.05)	0.64 (0.3)	0.2 (0.45)	0.62 (0.04)	0.64 (0.3)	0.2 (0.45)	0.61 (0.05)	0.64 (0.3)	0.2 (0.45)
emotions	embedding__5	22.47 (0.35)	0.8 (0.0)	0.0 (0.0)	20.69 (0.38)	0.8 (0.0)	0.0 (0.0)	1.78 (0.09)	0.72 (0.11)	0.0 (0.0)	0.31 (0.07)	0.5 (0.35)	0.2 (0.45)	0.62 (0.07)	0.48 (0.39)	0.2 (0.45)	0.66 (0.05)	0.48 (0.39)	0.2 (0.45)	0.61 (0.06)	0.56 (0.33)	0.2 (0.45)	0.63 (0.06)	0.48 (0.39)	0.2 (0.45)	0.47 (0.07)	0.48 (0.39)	0.2 (0.45)	0.5 (0.06)	0.48 (0.39)	0.2 (0.45)	0.53 (0.06)	0.52 (0.36)	0.2 (0.45)	0.49 (0.06)	0.48 (0.39)	0.2 (0.45)	0.77 (0.06)	0.6 (0.37)	0.4 (0.55)	0.74 (0.04)	0.52 (0.44)	0.4 (0.55)	0.68 (0.06)	0.56 (0.41)	0.4 (0.55)	0.76 (0.05)	0.6 (0.37)	0.4 (0.55)	0.57 (0.07)	0.36 (0.22)	0.0 (0.0)	0.6 (0.06)	0.4 (0.2)	0.0 (0.0)	0.6 (0.06)	0.52 (0.27)	0.0 (0.0)	0.6 (0.06)	0.4 (0.2)	0.0 (0.0)
emotions	proba__10	11.46 (0.13)	0.6 (0.0)	0.0 (0.0)	9.74 (0.13)	0.6 (0.0)	0.0 (0.0)	1.72 (0.04)	0.68 (0.11)	0.0 (0.0)	0.3 (0.06)	0.44 (0.33)	0.2 (0.45)	0.62 (0.04)	0.48 (0.23)	0.0 (0.0)	0.65 (0.04)	0.48 (0.23)	0.0 (0.0)	0.58 (0.05)	0.36 (0.22)	0.0 (0.0)	0.63 (0.04)	0.48 (0.23)	0.0 (0.0)	0.47 (0.04)	0.48 (0.23)	0.0 (0.0)	0.49 (0.04)	0.48 (0.23)	0.0 (0.0)	0.51 (0.05)	0.44 (0.26)	0.0 (0.0)	0.48 (0.04)	0.48 (0.23)	0.0 (0.0)	0.76 (0.06)	0.6 (0.4)	0.4 (0.55)	0.74 (0.04)	0.6 (0.37)	0.4 (0.55)	0.64 (0.05)	0.36 (0.17)	0.0 (0.0)	0.76 (0.06)	0.6 (0.4)	0.4 (0.55)	0.57 (0.06)	0.52 (0.27)	0.0 (0.0)	0.59 (0.06)	0.48 (0.3)	0.0 (0.0)	0.58 (0.06)	0.4 (0.28)	0.0 (0.0)	0.59 (0.06)	0.48 (0.3)	0.0 (0.0)
emotions	proba__2	3.12 (0.02)	0.2 (0.0)	0.0 (0.0)	2.56 (0.01)	0.2 (0.0)	0.0 (0.0)	0.56 (0.01)	0.2 (0.0)	0.0 (0.0)	0.34 (0.04)	0.74 (0.17)	0.2 (0.45)	0.67 (0.05)	0.84 (0.17)	0.4 (0.55)	0.7 (0.04)	0.76 (0.26)	0.4 (0.55)	0.63 (0.05)	0.72 (0.23)	0.2 (0.45)	0.68 (0.05)	0.8 (0.24)	0.4 (0.55)	0.52 (0.06)	0.8 (0.2)	0.4 (0.55)	0.53 (0.05)	0.76 (0.26)	0.4 (0.55)	0.56 (0.05)	0.72 (0.23)	0.2 (0.45)	0.53 (0.05)	0.8 (0.24)	0.4 (0.55)	0.76 (0.04)	0.6 (0.24)	0.0 (0.0)	0.76 (0.02)	0.8 (0.0)	0.0 (0.0)	0.68 (0.05)	0.68 (0.18)	0.0 (0.0)	0.76 (0.03)	0.6 (0.24)	0.0 (0.0)	0.63 (0.06)	0.8 (0.28)	0.6 (0.55)	0.64 (0.06)	0.8 (0.28)	0.6 (0.55)	0.64 (0.06)	0.72 (0.27)	0.4 (0.55)	0.64 (0.06)	0.8 (0.28)	0.6 (0.55)
emotions	proba__6	7.22 (0.14)	0.4 (0.0)	0.0 (0.0)	6.04 (0.11)	0.4 (0.0)	0.0 (0.0)	1.18 (0.04)	0.4 (0.0)	0.0 (0.0)	0.32 (0.03)	0.68 (0.27)	0.2 (0.45)	0.65 (0.02)	0.72 (0.3)	0.4 (0.55)	0.68 (0.02)	0.72 (0.3)	0.4 (0.55)	0.62 (0.03)	0.72 (0.3)	0.4 (0.55)	0.66 (0.02)	0.72 (0.3)	0.4 (0.55)	0.5 (0.03)	0.72 (0.3)	0.4 (0.55)	0.52 (0.03)	0.72 (0.3)	0.4 (0.55)	0.55 (0.03)	0.72 (0.3)	0.4 (0.55)	0.51 (0.02)	0.72 (0.3)	0.4 (0.55)	0.78 (0.04)	0.72 (0.23)	0.2 (0.45)	0.76 (0.02)	0.68 (0.18)	0.2 (0.45)	0.68 (0.03)	0.72 (0.23)	0.2 (0.45)	0.77 (0.03)	0.72 (0.23)	0.2 (0.45)	0.6 (0.03)	0.68 (0.27)	0.2 (0.45)	0.62 (0.03)	0.68 (0.27)	0.2 (0.45)	0.63 (0.04)	0.72 (0.3)	0.4 (0.55)	0.62 (0.03)	0.68 (0.27)	0.2 (0.45)
enron	embedding__10	182.47 (5.27)	1.0 (0.0)	1.0 (0.0)	175.1 (5.77)	1.0 (0.0)	1.0 (0.0)	7.37 (0.54)	1.0 (0.0)	1.0 (0.0)	0.12 (0.02)	0.76 (0.26)	0.4 (0.55)	0.18 (0.01)	0.36 (0.17)	0.0 (0.0)	0.54 (0.02)	0.52 (0.23)	0.0 (0.0)	0.52 (0.02)	0.56 (0.17)	0.0 (0.0)	0.47 (0.01)	0.44 (0.22)	0.0 (0.0)	0.12 (0.01)	0.4 (0.2)	0.0 (0.0)	0.37 (0.02)	0.52 (0.23)	0.0 (0.0)	0.41 (0.02)	0.6 (0.24)	0.2 (0.45)	0.36 (0.02)	0.44 (0.22)	0.0 (0.0)	0.31 (0.03)	0.4 (0.28)	0.0 (0.0)	0.7 (0.02)	0.72 (0.18)	0.2 (0.45)	0.67 (0.02)	0.48 (0.18)	0.0 (0.0)	0.6 (0.01)	0.52 (0.18)	0.0 (0.0)	0.14 (0.01)	0.44 (0.26)	0.0 (0.0)	0.44 (0.02)	0.52 (0.23)	0.0 (0.0)	0.47 (0.01)	0.6 (0.14)	0.0 (0.0)	0.44 (0.02)	0.52 (0.23)	0.0 (0.0)
enron	embedding__5	90.06 (3.0)	0.8 (0.0)	0.0 (0.0)	85.8 (3.39)	0.8 (0.0)	0.0 (0.0)	4.26 (0.4)	0.8 (0.0)	0.0 (0.0)	0.13 (0.01)	0.84 (0.17)	0.4 (0.55)	0.19 (0.01)	0.64 (0.17)	0.0 (0.0)	0.54 (0.01)	0.44 (0.17)	0.0 (0.0)	0.51 (0.01)	0.44 (0.17)	0.0 (0.0)	0.47 (0.01)	0.52 (0.18)	0.0 (0.0)	0.13 (0.0)	0.6 (0.2)	0.0 (0.0)	0.37 (0.01)	0.44 (0.17)	0.0 (0.0)	0.41 (0.01)	0.52 (0.11)	0.0 (0.0)	0.36 (0.01)	0.52 (0.18)	0.0 (0.0)	0.34 (0.04)	0.72 (0.27)	0.4 (0.55)	0.71 (0.02)	0.8 (0.24)	0.4 (0.55)	0.68 (0.03)	0.8 (0.35)	0.6 (0.55)	0.61 (0.02)	0.76 (0.22)	0.2 (0.45)	0.15 (0.01)	0.52 (0.18)	0.0 (0.0)	0.43 (0.02)	0.32 (0.18)	0.0 (0.0)	0.46 (0.01)	0.48 (0.11)	0.0 (0.0)	0.43 (0.02)	0.32 (0.18)	0.0 (0.0)
enron	proba__10	14.13 (0.21)	0.6 (0.0)	0.0 (0.0)	11.7 (0.16)	0.6 (0.0)	0.0 (0.0)	2.43 (0.07)	0.6 (0.0)	0.0 (0.0)	0.09 (0.01)	0.24 (0.09)	0.0 (0.0)	0.17 (0.01)	0.4 (0.35)	0.2 (0.45)	0.54 (0.01)	0.4 (0.28)	0.0 (0.0)	0.49 (0.02)	0.32 (0.27)	0.0 (0.0)	0.46 (0.02)	0.44 (0.33)	0.0 (0.0)	0.12 (0.01)	0.4 (0.35)	0.2 (0.45)	0.37 (0.01)	0.4 (0.28)	0.0 (0.0)	0.38 (0.02)	0.32 (0.27)	0.0 (0.0)	0.34 (0.01)	0.4 (0.28)	0.0 (0.0)	0.31 (0.02)	0.52 (0.3)	0.2 (0.45)	0.67 (0.02)	0.36 (0.26)	0.0 (0.0)	0.63 (0.03)	0.32 (0.27)	0.0 (0.0)	0.58 (0.02)	0.48 (0.33)	0.2 (0.45)	0.14 (0.01)	0.4 (0.35)	0.2 (0.45)	0.45 (0.02)	0.52 (0.27)	0.0 (0.0)	0.44 (0.02)	0.32 (0.27)	0.0 (0.0)	0.45 (0.02)	0.52 (0.27)	0.0 (0.0)
enron	proba__2	5.35 (0.07)	0.2 (0.0)	0.0 (0.0)	4.24 (0.08)	0.2 (0.0)	0.0 (0.0)	1.11 (0.05)	0.2 (0.0)	0.0 (0.0)	0.12 (0.02)	0.72 (0.23)	0.2 (0.45)	0.19 (0.01)	0.92 (0.11)	0.6 (0.55)	0.56 (0.01)	0.96 (0.09)	0.8 (0.45)	0.54 (0.01)	0.96 (0.09)	0.8 (0.45)	0.49 (0.01)	0.96 (0.09)	0.8 (0.45)	0.14 (0.0)	0.92 (0.11)	0.6 (0.55)	0.39 (0.01)	0.96 (0.09)	0.8 (0.45)	0.43 (0.01)	0.92 (0.11)	0.6 (0.55)	0.38 (0.01)	0.96 (0.09)	0.8 (0.45)	0.34 (0.02)	0.76 (0.22)	0.2 (0.45)	0.7 (0.02)	0.68 (0.3)	0.4 (0.55)	0.68 (0.01)	0.76 (0.22)	0.4 (0.55)	0.61 (0.02)	0.68 (0.33)	0.4 (0.55)	0.16 (0.01)	0.88 (0.18)	0.6 (0.55)	0.47 (0.01)	0.96 (0.09)	0.8 (0.45)	0.49 (0.01)	0.96 (0.09)	0.8 (0.45)	0.47 (0.01)	0.96 (0.09)	0.8 (0.45)
enron	proba__6	9.83 (0.22)	0.4 (0.0)	0.0 (0.0)	8.06 (0.29)	0.4 (0.0)	0.0 (0.0)	1.78 (0.07)	0.4 (0.0)	0.0 (0.0)	0.1 (0.01)	0.44 (0.17)	0.0 (0.0)	0.19 (0.01)	0.68 (0.23)	0.2 (0.45)	0.55 (0.01)	0.68 (0.27)	0.2 (0.45)	0.52 (0.02)	0.72 (0.23)	0.2 (0.45)	0.48 (0.02)	0.64 (0.26)	0.2 (0.45)	0.13 (0.01)	0.68 (0.23)	0.2 (0.45)	0.38 (0.01)	0.68 (0.27)	0.2 (0.45)	0.41 (0.02)	0.64 (0.33)	0.2 (0.45)	0.36 (0.02)	0.68 (0.27)	0.2 (0.45)	0.32 (0.03)	0.6 (0.32)	0.2 (0.45)	0.68 (0.02)	0.44 (0.26)	0.0 (0.0)	0.66 (0.03)	0.64 (0.17)	0.0 (0.0)	0.6 (0.03)	0.56 (0.36)	0.2 (0.45)	0.15 (0.01)	0.76 (0.17)	0.2 (0.45)	0.46 (0.01)	0.68 (0.23)	0.2 (0.45)	0.47 (0.02)	0.64 (0.33)	0.2 (0.45)	0.46 (0.01)	0.68 (0.23)	0.2 (0.45)
genbase	embedding__10	36.31 (0.4)	1.0 (0.0)	1.0 (0.0)	32.81 (0.51)	1.0 (0.0)	1.0 (0.0)	3.5 (0.17)	1.0 (0.0)	1.0 (0.0)	0.9 (0.03)	0.24 (0.09)	0.0 (0.0)	0.9 (0.03)	0.32 (0.11)	0.0 (0.0)	0.94 (0.02)	0.24 (0.09)	0.0 (0.0)	0.92 (0.03)	0.24 (0.09)	0.0 (0.0)	0.93 (0.02)	0.2 (0.0)	0.0 (0.0)	0.84 (0.05)	0.24 (0.09)	0.0 (0.0)	0.89 (0.04)	0.24 (0.09)	0.0 (0.0)	0.91 (0.03)	0.24 (0.09)	0.0 (0.0)	0.89 (0.04)	0.24 (0.09)	0.0 (0.0)	1.0 (0.01)	0.64 (0.15)	0.0 (0.0)	1.0 (0.0)	0.6 (0.23)	0.0 (0.0)	0.92 (0.03)	0.28 (0.11)	0.0 (0.0)	1.0 (0.0)	0.64 (0.15)	0.0 (0.0)	0.84 (0.05)	0.24 (0.09)	0.0 (0.0)	0.89 (0.04)	0.24 (0.09)	0.0 (0.0)	0.91 (0.03)	0.24 (0.09)	0.0 (0.0)	0.89 (0.04)	0.24 (0.09)	0.0 (0.0)
genbase	embedding__5	19.75 (0.28)	0.8 (0.0)	0.0 (0.0)	17.73 (0.31)	0.8 (0.0)	0.0 (0.0)	2.02 (0.1)	0.76 (0.09)	0.0 (0.0)	0.92 (0.03)	0.36 (0.09)	0.0 (0.0)	0.91 (0.04)	0.44 (0.17)	0.0 (0.0)	0.96 (0.02)	0.36 (0.09)	0.0 (0.0)	0.94 (0.02)	0.36 (0.09)	0.0 (0.0)	0.95 (0.02)	0.44 (0.09)	0.0 (0.0)	0.87 (0.05)	0.4 (0.14)	0.0 (0.0)	0.92 (0.03)	0.36 (0.09)	0.0 (0.0)	0.94 (0.02)	0.36 (0.09)	0.0 (0.0)	0.92 (0.03)	0.36 (0.09)	0.0 (0.0)	0.98 (0.04)	0.6 (0.23)	0.0 (0.0)	1.0 (0.0)	0.6 (0.23)	0.0 (0.0)	0.95 (0.01)	0.32 (0.11)	0.0 (0.0)	1.0 (0.01)	0.6 (0.23)	0.0 (0.0)	0.87 (0.05)	0.4 (0.14)	0.0 (0.0)	0.92 (0.04)	0.36 (0.09)	0.0 (0.0)	0.94 (0.02)	0.36 (0.09)	0.0 (0.0)	0.92 (0.04)	0.36 (0.09)	0.0 (0.0)
genbase	proba__10	13.59 (0.14)	0.6 (0.0)	0.0 (0.0)	11.64 (0.17)	0.6 (0.0)	0.0 (0.0)	1.95 (0.1)	0.64 (0.09)	0.0 (0.0)	0.97 (0.01)	0.72 (0.13)	0.0 (0.0)	0.96 (0.02)	0.64 (0.26)	0.0 (0.0)	0.98 (0.01)	0.68 (0.11)	0.0 (0.0)	0.98 (0.0)	0.76 (0.17)	0.2 (0.45)	0.98 (0.01)	0.68 (0.11)	0.0 (0.0)	0.94 (0.02)	0.68 (0.11)	0.0 (0.0)	0.97 (0.01)	0.68 (0.11)	0.0 (0.0)	0.98 (0.01)	0.76 (0.17)	0.2 (0.45)	0.97 (0.01)	0.68 (0.11)	0.0 (0.0)	0.98 (0.03)	0.52 (0.3)	0.0 (0.0)	1.0 (0.01)	0.52 (0.3)	0.0 (0.0)	0.99 (0.01)	0.78 (0.18)	0.2 (0.45)	0.99 (0.01)	0.52 (0.3)	0.0 (0.0)	0.94 (0.02)	0.76 (0.17)	0.2 (0.45)	0.97 (0.01)	0.76 (0.09)	0.0 (0.0)	0.98 (0.01)	0.8 (0.14)	0.2 (0.45)	0.97 (0.01)	0.76 (0.09)	0.0 (0.0)
genbase	proba__2	4.21 (0.08)	0.2 (0.0)	0.0 (0.0)	3.51 (0.1)	0.2 (0.0)	0.0 (0.0)	0.7 (0.03)	0.2 (0.0)	0.0 (0.0)	0.98 (0.01)	0.88 (0.13)	0.4 (0.55)	0.98 (0.02)	0.84 (0.17)	0.4 (0.55)	0.99 (0.0)	0.88 (0.11)	0.4 (0.55)	0.98 (0.01)	0.84 (0.17)	0.4 (0.55)	0.99 (0.01)	0.88 (0.11)	0.4 (0.55)	0.96 (0.02)	0.88 (0.11)	0.4 (0.55)	0.98 (0.01)	0.88 (0.11)	0.4 (0.55)	0.98 (0.01)	0.84 (0.17)	0.4 (0.55)	0.98 (0.01)	0.88 (0.11)	0.4 (0.55)	1.0 (0.0)	0.64 (0.15)	0.0 (0.0)	1.0 (0.0)	0.64 (0.15)	0.0 (0.0)	0.99 (0.01)	0.72 (0.18)	0.2 (0.45)	1.0 (0.0)	0.64 (0.15)	0.0 (0.0)	0.96 (0.02)	0.84 (0.17)	0.4 (0.55)	0.98 (0.01)	0.8 (0.2)	0.4 (0.55)	0.98 (0.01)	0.84 (0.17)	0.4 (0.55)	0.98 (0.01)	0.8 (0.2)	0.4 (0.55)
genbase	proba__6	8.93 (0.14)	0.4 (0.0)	0.0 (0.0)	7.59 (0.09)	0.4 (0.0)	0.0 (0.0)	1.35 (0.05)	0.4 (0.0)	0.0 (0.0)	0.98 (0.01)	0.8 (0.2)	0.4 (0.55)	0.96 (0.04)	0.76 (0.36)	0.6 (0.55)	0.99 (0.01)	0.84 (0.22)	0.6 (0.55)	0.99 (0.0)	0.8 (0.2)	0.4 (0.55)	0.99 (0.01)	0.8 (0.28)	0.6 (0.55)	0.95 (0.05)	0.8 (0.28)	0.6 (0.55)	0.98 (0.02)	0.84 (0.22)	0.6 (0.55)	0.98 (0.01)	0.8 (0.2)	0.4 (0.55)	0.98 (0.02)	0.84 (0.22)	0.6 (0.55)	0.98 (0.04)	0.6 (0.23)	0.0 (0.0)	1.0 (0.0)	0.64 (0.15)	0.0 (0.0)	0.99 (0.0)	0.9 (0.1)	0.4 (0.55)	1.0 (0.01)	0.6 (0.23)	0.0 (0.0)	0.95 (0.05)	0.76 (0.26)	0.4 (0.55)	0.98 (0.02)	0.84 (0.22)	0.6 (0.55)	0.99 (0.01)	0.76 (0.22)	0.4 (0.55)	0.98 (0.02)	0.84 (0.22)	0.6 (0.55)
medical	embedding__10	66.24 (0.84)	1.0 (0.0)	1.0 (0.0)	61.78 (1.09)	1.0 (0.0)	1.0 (0.0)	4.46 (0.32)	1.0 (0.0)	1.0 (0.0)	0.44 (0.03)	0.5 (0.26)	0.0 (0.0)	0.31 (0.02)	0.28 (0.11)	0.0 (0.0)	0.61 (0.02)	0.36 (0.17)	0.0 (0.0)	0.46 (0.03)	0.4 (0.24)	0.0 (0.0)	0.53 (0.01)	0.32 (0.18)	0.0 (0.0)	0.23 (0.02)	0.32 (0.11)	0.0 (0.0)	0.44 (0.02)	0.36 (0.17)	0.0 (0.0)	0.45 (0.03)	0.46 (0.22)	0.0 (0.0)	0.42 (0.02)	0.36 (0.17)	0.0 (0.0)	0.56 (0.07)	0.56 (0.3)	0.2 (0.45)	0.89 (0.02)	0.56 (0.26)	0.0 (0.0)	0.49 (0.02)	0.36 (0.17)	0.0 (0.0)	0.77 (0.04)	0.52 (0.33)	0.2 (0.45)	0.24 (0.02)	0.36 (0.09)	0.0 (0.0)	0.46 (0.02)	0.32 (0.18)	0.0 (0.0)	0.45 (0.03)	0.44 (0.33)	0.2 (0.45)	0.46 (0.02)	0.32 (0.18)	0.0 (0.0)
medical	embedding__5	34.13 (0.93)	0.8 (0.0)	0.0 (0.0)	31.56 (1.04)	0.8 (0.0)	0.0 (0.0)	2.58 (0.11)	0.8 (0.0)	0.0 (0.0)	0.44 (0.02)	0.44 (0.17)	0.0 (0.0)	0.32 (0.05)	0.4 (0.24)	0.0 (0.0)	0.61 (0.03)	0.48 (0.18)	0.0 (0.0)	0.46 (0.03)	0.48 (0.18)	0.0 (0.0)	0.54 (0.04)	0.4 (0.14)	0.0 (0.0)	0.24 (0.04)	0.4 (0.24)	0.0 (0.0)	0.44 (0.03)	0.48 (0.18)	0.0 (0.0)	0.45 (0.03)	0.46 (0.17)	0.0 (0.0)	0.43 (0.04)	0.48 (0.18)	0.0 (0.0)	0.57 (0.06)	0.44 (0.26)	0.0 (0.0)	0.9 (0.03)	0.68 (0.36)	0.4 (0.55)	0.49 (0.03)	0.48 (0.18)	0.0 (0.0)	0.78 (0.04)	0.56 (0.36)	0.2 (0.45)	0.25 (0.04)	0.36 (0.26)	0.0 (0.0)	0.47 (0.03)	0.42 (0.15)	0.0 (0.0)	0.45 (0.03)	0.48 (0.18)	0.0 (0.0)	0.47 (0.03)	0.42 (0.15)	0.0 (0.0)
medical	proba__10	12.47 (0.12)	0.6 (0.0)	0.0 (0.0)	10.37 (0.08)	0.6 (0.0)	0.0 (0.0)	2.1 (0.12)	0.6 (0.0)	0.0 (0.0)	0.44 (0.05)	0.6 (0.24)	0.0 (0.0)	0.39 (0.05)	0.76 (0.17)	0.2 (0.45)	0.62 (0.05)	0.68 (0.3)	0.2 (0.45)	0.48 (0.05)	0.6 (0.24)	0.0 (0.0)	0.57 (0.04)	0.72 (0.33)	0.4 (0.55)	0.29 (0.04)	0.76 (0.17)	0.2 (0.45)	0.45 (0.05)	0.68 (0.3)	0.2 (0.45)	0.46 (0.04)	0.56 (0.26)	0.0 (0.0)	0.44 (0.04)	0.68 (0.3)	0.2 (0.45)	0.61 (0.06)	0.6 (0.32)	0.2 (0.45)	0.87 (0.02)	0.36 (0.17)	0.0 (0.0)	0.51 (0.06)	0.64 (0.26)	0.0 (0.0)	0.77 (0.03)	0.52 (0.3)	0.2 (0.45)	0.31 (0.04)	0.76 (0.17)	0.2 (0.45)	0.48 (0.05)	0.68 (0.3)	0.2 (0.45)	0.46 (0.05)	0.56 (0.26)	0.0 (0.0)	0.48 (0.05)	0.68 (0.3)	0.2 (0.45)
medical	proba__2	4.03 (0.09)	0.2 (0.0)	0.0 (0.0)	3.16 (0.1)	0.2 (0.0)	0.0 (0.0)	0.87 (0.02)	0.2 (0.0)	0.0 (0.0)	0.5 (0.02)	0.94 (0.09)	0.6 (0.55)	0.41 (0.04)	0.84 (0.17)	0.4 (0.55)	0.67 (0.03)	0.92 (0.11)	0.6 (0.55)	0.53 (0.03)	0.96 (0.09)	0.8 (0.45)	0.61 (0.03)	0.88 (0.11)	0.4 (0.55)	0.32 (0.04)	0.84 (0.17)	0.4 (0.55)	0.5 (0.03)	0.92 (0.11)	0.6 (0.55)	0.51 (0.03)	1.0 (0.0)	1.0 (0.0)	0.49 (0.04)	0.92 (0.11)	0.6 (0.55)	0.62 (0.05)	0.76 (0.36)	0.6 (0.55)	0.91 (0.03)	0.84 (0.17)	0.4 (0.55)	0.56 (0.03)	0.96 (0.09)	0.8 (0.45)	0.8 (0.04)	0.72 (0.3)	0.4 (0.55)	0.33 (0.03)	0.84 (0.17)	0.4 (0.55)	0.52 (0.03)	0.92 (0.11)	0.6 (0.55)	0.51 (0.03)	0.96 (0.09)	0.8 (0.45)	0.52 (0.03)	0.92 (0.11)	0.6 (0.55)
medical	proba__6	8.35 (0.23)	0.4 (0.0)	0.0 (0.0)	6.86 (0.17)	0.4 (0.0)	0.0 (0.0)	1.49 (0.08)	0.4 (0.0)	0.0 (0.0)	0.47 (0.04)	0.52 (0.36)	0.2 (0.45)	0.4 (0.04)	0.72 (0.27)	0.4 (0.55)	0.64 (0.04)	0.56 (0.33)	0.2 (0.45)	0.49 (0.03)	0.56 (0.33)	0.2 (0.45)	0.59 (0.03)	0.68 (0.23)	0.2 (0.45)	0.3 (0.04)	0.68 (0.33)	0.4 (0.55)	0.47 (0.04)	0.56 (0.33)	0.2 (0.45)	0.48 (0.03)	0.52 (0.3)	0.0 (0.0)	0.46 (0.04)	0.56 (0.33)	0.2 (0.45)	0.61 (0.05)	0.64 (0.22)	0.0 (0.0)	0.89 (0.03)	0.56 (0.3)	0.2 (0.45)	0.52 (0.03)	0.56 (0.33)	0.2 (0.45)	0.79 (0.02)	0.68 (0.18)	0.0 (0.0)	0.32 (0.04)	0.68 (0.33)	0.4 (0.55)	0.49 (0.04)	0.66 (0.24)	0.2 (0.45)	0.48 (0.02)	0.56 (0.26)	0.0 (0.0)	0.49 (0.04)	0.66 (0.24)	0.2 (0.45)
rcv1subset1	embedding__10	2696.89 (17.84)	1.0 (0.0)	1.0 (0.0)	2305.49 (16.45)	1.0 (0.0)	1.0 (0.0)	391.4 (4.76)	1.0 (0.0)	1.0 (0.0)	0.01 (0.0)	0.36 (0.09)	0.0 (0.0)	0.02 (0.0)	0.32 (0.11)	0.0 (0.0)	0.05 (0.01)	0.28 (0.11)	0.0 (0.0)	0.04 (0.0)	0.24 (0.09)	0.0 (0.0)	0.05 (0.01)	0.28 (0.11)	0.0 (0.0)	0.01 (0.0)	0.32 (0.11)	0.0 (0.0)	0.03 (0.0)	0.28 (0.11)	0.0 (0.0)	0.03 (0.0)	0.24 (0.09)	0.0 (0.0)	0.03 (0.0)	0.28 (0.11)	0.0 (0.0)	0.15 (0.04)	0.4 (0.2)	0.0 (0.0)	0.74 (0.02)	0.92 (0.11)	0.6 (0.55)	0.05 (0.01)	0.24 (0.09)	0.0 (0.0)	0.34 (0.09)	0.48 (0.23)	0.0 (0.0)	0.01 (0.0)	0.32 (0.11)	0.0 (0.0)	0.03 (0.0)	0.28 (0.11)	0.0 (0.0)	0.03 (0.0)	0.24 (0.09)	0.0 (0.0)	0.03 (0.0)	0.28 (0.11)	0.0 (0.0)
rcv1subset1	embedding__5	1352.06 (9.49)	0.8 (0.0)	0.0 (0.0)	1156.71 (6.96)	0.8 (0.0)	0.0 (0.0)	195.35 (3.02)	0.8 (0.0)	0.0 (0.0)	0.01 (0.0)	0.24 (0.09)	0.0 (0.0)	0.02 (0.0)	0.28 (0.11)	0.0 (0.0)	0.06 (0.0)	0.32 (0.11)	0.0 (0.0)	0.04 (0.0)	0.36 (0.09)	0.0 (0.0)	0.05 (0.0)	0.32 (0.11)	0.0 (0.0)	0.01 (0.0)	0.28 (0.11)	0.0 (0.0)	0.03 (0.0)	0.32 (0.11)	0.0 (0.0)	0.03 (0.0)	0.36 (0.09)	0.0 (0.0)	0.03 (0.0)	0.32 (0.11)	0.0 (0.0)	0.14 (0.04)	0.32 (0.11)	0.0 (0.0)	0.74 (0.03)	0.88 (0.11)	0.4 (0.55)	0.06 (0.0)	0.36 (0.09)	0.0 (0.0)	0.33 (0.08)	0.4 (0.35)	0.2 (0.45)	0.01 (0.0)	0.28 (0.11)	0.0 (0.0)	0.03 (0.0)	0.32 (0.11)	0.0 (0.0)	0.03 (0.0)	0.36 (0.09)	0.0 (0.0)	0.03 (0.0)	0.32 (0.11)	0.0 (0.0)
rcv1subset1	proba__10	180.1 (5.38)	0.6 (0.0)	0.0 (0.0)	166.44 (6.68)	0.6 (0.0)	0.0 (0.0)	13.66 (1.31)	0.6 (0.0)	0.0 (0.0)	0.05 (0.01)	0.88 (0.18)	0.6 (0.55)	0.07 (0.0)	0.96 (0.09)	0.8 (0.45)	0.22 (0.01)	0.96 (0.09)	0.8 (0.45)	0.17 (0.01)	1.0 (0.0)	1.0 (0.0)	0.18 (0.01)	1.0 (0.0)	1.0 (0.0)	0.04 (0.0)	0.96 (0.09)	0.8 (0.45)	0.12 (0.01)	0.96 (0.09)	0.8 (0.45)	0.14 (0.01)	0.96 (0.09)	0.8 (0.45)	0.12 (0.0)	0.96 (0.09)	0.8 (0.45)	0.21 (0.03)	0.76 (0.22)	0.2 (0.45)	0.6 (0.02)	0.28 (0.11)	0.0 (0.0)	0.26 (0.02)	1.0 (0.0)	1.0 (0.0)	0.42 (0.04)	0.68 (0.3)	0.2 (0.45)	0.05 (0.0)	0.96 (0.09)	0.8 (0.45)	0.13 (0.01)	1.0 (0.0)	1.0 (0.0)	0.14 (0.01)	0.96 (0.09)	0.8 (0.45)	0.13 (0.01)	1.0 (0.0)	1.0 (0.0)
rcv1subset1	proba__2	59.38 (4.24)	0.2 (0.0)	0.0 (0.0)	55.08 (4.49)	0.2 (0.0)	0.0 (0.0)	4.3 (0.26)	0.2 (0.0)	0.0 (0.0)	0.04 (0.01)	0.72 (0.18)	0.2 (0.45)	0.06 (0.01)	0.72 (0.11)	0.0 (0.0)	0.19 (0.01)	0.64 (0.09)	0.0 (0.0)	0.14 (0.01)	0.64 (0.09)	0.0 (0.0)	0.16 (0.01)	0.64 (0.09)	0.0 (0.0)	0.04 (0.0)	0.72 (0.11)	0.0 (0.0)	0.1 (0.01)	0.64 (0.09)	0.0 (0.0)	0.11 (0.01)	0.64 (0.09)	0.0 (0.0)	0.1 (0.01)	0.64 (0.09)	0.0 (0.0)	0.22 (0.03)	0.92 (0.11)	0.6 (0.55)	0.66 (0.02)	0.6 (0.0)	0.0 (0.0)	0.2 (0.01)	0.6 (0.0)	0.0 (0.0)	0.44 (0.03)	0.84 (0.26)	0.6 (0.55)	0.04 (0.0)	0.68 (0.11)	0.0 (0.0)	0.11 (0.01)	0.64 (0.09)	0.0 (0.0)	0.12 (0.01)	0.64 (0.09)	0.0 (0.0)	0.11 (0.01)	0.64 (0.09)	0.0 (0.0)
rcv1subset1	proba__6	117.6 (4.81)	0.4 (0.0)	0.0 (0.0)	108.95 (4.92)	0.4 (0.0)	0.0 (0.0)	8.64 (0.23)	0.4 (0.0)	0.0 (0.0)	0.04 (0.01)	0.8 (0.14)	0.2 (0.45)	0.06 (0.01)	0.72 (0.18)	0.2 (0.45)	0.2 (0.01)	0.8 (0.14)	0.2 (0.45)	0.16 (0.01)	0.76 (0.09)	0.0 (0.0)	0.17 (0.01)	0.76 (0.09)	0.0 (0.0)	0.04 (0.0)	0.72 (0.18)	0.2 (0.45)	0.11 (0.01)	0.8 (0.14)	0.2 (0.45)	0.13 (0.01)	0.8 (0.14)	0.2 (0.45)	0.11 (0.01)	0.8 (0.14)	0.2 (0.45)	0.18 (0.03)	0.6 (0.28)	0.2 (0.45)	0.61 (0.03)	0.32 (0.11)	0.0 (0.0)	0.23 (0.01)	0.8 (0.0)	0.0 (0.0)	0.4 (0.03)	0.6 (0.14)	0.0 (0.0)	0.04 (0.0)	0.76 (0.17)	0.2 (0.45)	0.12 (0.01)	0.76 (0.09)	0.0 (0.0)	0.13 (0.01)	0.8 (0.14)	0.2 (0.45)	0.12 (0.01)	0.76 (0.09)	0.0 (0.0)
rcv1subset2	embedding__5	1341.77 (13.26)	1.0 (0.0)	1.0 (0.0)	1144.65 (13.03)	1.0 (0.0)	1.0 (0.0)	197.12 (2.87)	1.0 (0.0)	1.0 (0.0)	0.04 (0.01)	0.25 (0.0)	0.0 (0.0)	0.02 (0.0)	0.25 (0.0)	0.0 (0.0)	0.06 (0.01)	0.25 (0.0)	0.0 (0.0)	0.05 (0.01)	0.25 (0.0)	0.0 (0.0)	0.05 (0.01)	0.25 (0.0)	0.0 (0.0)	0.01 (0.0)	0.25 (0.0)	0.0 (0.0)	0.03 (0.0)	0.25 (0.0)	0.0 (0.0)	0.05 (0.01)	0.25 (0.0)	0.0 (0.0)	0.03 (0.0)	0.25 (0.0)	0.0 (0.0)	0.16 (0.02)	0.35 (0.14)	0.0 (0.0)	0.78 (0.06)	0.95 (0.11)	0.8 (0.45)	0.06 (0.01)	0.25 (0.0)	0.0 (0.0)	0.4 (0.05)	0.45 (0.33)	0.2 (0.45)	0.01 (0.0)	0.25 (0.0)	0.0 (0.0)	0.03 (0.0)	0.25 (0.0)	0.0 (0.0)	0.05 (0.01)	0.25 (0.0)	0.0 (0.0)	0.03 (0.0)	0.25 (0.0)	0.0 (0.0)
rcv1subset2	proba__10	180.02 (6.26)	0.75 (0.0)	0.0 (0.0)	166.4 (7.31)	0.75 (0.0)	0.0 (0.0)	13.62 (1.1)	0.75 (0.0)	0.0 (0.0)	0.09 (0.01)	0.6 (0.22)	0.2 (0.45)	0.06 (0.01)	0.7 (0.21)	0.2 (0.45)	0.2 (0.01)	0.75 (0.25)	0.4 (0.55)	0.17 (0.01)	0.85 (0.22)	0.6 (0.55)	0.17 (0.01)	0.75 (0.25)	0.4 (0.55)	0.03 (0.0)	0.65 (0.22)	0.2 (0.45)	0.11 (0.01)	0.75 (0.25)	0.4 (0.55)	0.15 (0.01)	0.8 (0.21)	0.4 (0.55)	0.1 (0.01)	0.75 (0.25)	0.4 (0.55)	0.23 (0.02)	0.8 (0.21)	0.4 (0.55)	0.61 (0.03)	0.35 (0.14)	0.0 (0.0)	0.24 (0.02)	0.95 (0.11)	0.8 (0.45)	0.44 (0.03)	0.65 (0.14)	0.0 (0.0)	0.04 (0.0)	0.75 (0.25)	0.4 (0.55)	0.12 (0.01)	0.8 (0.21)	0.4 (0.55)	0.15 (0.01)	0.8 (0.21)	0.4 (0.55)	0.12 (0.01)	0.8 (0.21)	0.4 (0.55)
rcv1subset2	proba__2	58.83 (1.23)	0.25 (0.0)	0.0 (0.0)	54.48 (1.56)	0.25 (0.0)	0.0 (0.0)	4.35 (0.4)	0.25 (0.0)	0.0 (0.0)	0.1 (0.01)	0.85 (0.14)	0.4 (0.55)	0.06 (0.01)	0.95 (0.11)	0.8 (0.45)	0.19 (0.01)	0.65 (0.22)	0.2 (0.45)	0.15 (0.01)	0.55 (0.11)	0.0 (0.0)	0.16 (0.01)	0.65 (0.22)	0.2 (0.45)	0.04 (0.0)	0.9 (0.14)	0.6 (0.55)	0.1 (0.01)	0.65 (0.22)	0.2 (0.45)	0.14 (0.01)	0.55 (0.11)	0.0 (0.0)	0.1 (0.01)	0.7 (0.27)	0.4 (0.55)	0.24 (0.02)	0.85 (0.14)	0.4 (0.55)	0.75 (0.02)	0.8 (0.11)	0.2 (0.45)	0.19 (0.01)	0.5 (0.0)	0.0 (0.0)	0.47 (0.02)	0.9 (0.14)	0.6 (0.55)	0.04 (0.0)	0.8 (0.21)	0.4 (0.55)	0.11 (0.01)	0.55 (0.11)	0.0 (0.0)	0.14 (0.01)	0.55 (0.11)	0.0 (0.0)	0.11 (0.01)	0.55 (0.11)	0.0 (0.0)
rcv1subset2	proba__6	119.57 (5.78)	0.5 (0.0)	0.0 (0.0)	110.73 (6.44)	0.5 (0.0)	0.0 (0.0)	8.84 (0.69)	0.5 (0.0)	0.0 (0.0)	0.1 (0.0)	0.8 (0.21)	0.4 (0.55)	0.06 (0.0)	0.6 (0.14)	0.0 (0.0)	0.2 (0.0)	0.85 (0.14)	0.4 (0.55)	0.17 (0.0)	0.85 (0.14)	0.4 (0.55)	0.17 (0.0)	0.85 (0.14)	0.4 (0.55)	0.03 (0.0)	0.7 (0.21)	0.2 (0.45)	0.11 (0.0)	0.85 (0.14)	0.4 (0.55)	0.15 (0.0)	0.9 (0.14)	0.6 (0.55)	0.1 (0.0)	0.8 (0.11)	0.2 (0.45)	0.2 (0.04)	0.5 (0.31)	0.2 (0.45)	0.64 (0.03)	0.4 (0.14)	0.0 (0.0)	0.23 (0.0)	0.8 (0.11)	0.2 (0.45)	0.41 (0.04)	0.5 (0.31)	0.2 (0.45)	0.04 (0.0)	0.7 (0.21)	0.2 (0.45)	0.12 (0.0)	0.9 (0.14)	0.6 (0.55)	0.15 (0.0)	0.9 (0.14)	0.6 (0.55)	0.12 (0.0)	0.9 (0.14)	0.6 (0.55)
rcv1subset3	embedding__10	2797.73 (69.28)	1.0 (0.0)	1.0 (0.0)	2400.63 (77.8)	1.0 (0.0)	1.0 (0.0)	397.1 (9.1)	1.0 (0.0)	1.0 (0.0)	0.05 (0.01)	0.36 (0.09)	0.0 (0.0)	0.02 (0.0)	0.36 (0.09)	0.0 (0.0)	0.06 (0.01)	0.4 (0.0)	0.0 (0.0)	0.06 (0.01)	0.4 (0.0)	0.0 (0.0)	0.06 (0.01)	0.4 (0.0)	0.0 (0.0)	0.01 (0.0)	0.36 (0.09)	0.0 (0.0)	0.03 (0.0)	0.4 (0.0)	0.0 (0.0)	0.05 (0.01)	0.4 (0.0)	0.0 (0.0)	0.03 (0.0)	0.4 (0.0)	0.0 (0.0)	0.17 (0.03)	0.48 (0.33)	0.2 (0.45)	0.82 (0.05)	0.92 (0.18)	0.8 (0.45)	0.06 (0.01)	0.4 (0.0)	0.0 (0.0)	0.4 (0.03)	0.44 (0.26)	0.0 (0.0)	0.01 (0.0)	0.36 (0.09)	0.0 (0.0)	0.03 (0.0)	0.4 (0.0)	0.0 (0.0)	0.05 (0.01)	0.4 (0.0)	0.0 (0.0)	0.03 (0.0)	0.4 (0.0)	0.0 (0.0)
rcv1subset3	embedding__5	1384.03 (10.3)	0.8 (0.0)	0.0 (0.0)	1186.54 (12.33)	0.8 (0.0)	0.0 (0.0)	197.5 (5.9)	0.8 (0.0)	0.0 (0.0)	0.04 (0.0)	0.24 (0.09)	0.0 (0.0)	0.02 (0.0)	0.24 (0.09)	0.0 (0.0)	0.05 (0.0)	0.2 (0.0)	0.0 (0.0)	0.05 (0.0)	0.2 (0.0)	0.0 (0.0)	0.05 (0.0)	0.2 (0.0)	0.0 (0.0)	0.01 (0.0)	0.24 (0.09)	0.0 (0.0)	0.03 (0.0)	0.2 (0.0)	0.0 (0.0)	0.04 (0.0)	0.2 (0.0)	0.0 (0.0)	0.03 (0.0)	0.2 (0.0)	0.0 (0.0)	0.15 (0.03)	0.4 (0.2)	0.0 (0.0)	0.78 (0.04)	0.8 (0.14)	0.2 (0.45)	0.05 (0.0)	0.2 (0.0)	0.0 (0.0)	0.37 (0.06)	0.4 (0.24)	0.0 (0.0)	0.01 (0.0)	0.24 (0.09)	0.0 (0.0)	0.03 (0.0)	0.2 (0.0)	0.0 (0.0)	0.04 (0.0)	0.2 (0.0)	0.0 (0.0)	0.03 (0.0)	0.2 (0.0)	0.0 (0.0)
rcv1subset3	proba__10	181.34 (4.07)	0.6 (0.0)	0.0 (0.0)	168.07 (4.74)	0.6 (0.0)	0.0 (0.0)	13.26 (0.91)	0.6 (0.0)	0.0 (0.0)	0.11 (0.01)	0.76 (0.17)	0.2 (0.45)	0.06 (0.01)	0.8 (0.14)	0.2 (0.45)	0.22 (0.01)	0.96 (0.09)	0.8 (0.45)	0.2 (0.01)	0.96 (0.09)	0.8 (0.45)	0.18 (0.01)	0.88 (0.11)	0.4 (0.55)	0.03 (0.01)	0.8 (0.14)	0.2 (0.45)	0.12 (0.0)	0.96 (0.09)	0.8 (0.45)	0.17 (0.01)	0.96 (0.09)	0.8 (0.45)	0.12 (0.0)	0.92 (0.11)	0.6 (0.55)	0.2 (0.03)	0.72 (0.33)	0.4 (0.55)	0.62 (0.02)	0.24 (0.09)	0.0 (0.0)	0.27 (0.01)	0.96 (0.09)	0.8 (0.45)	0.41 (0.04)	0.68 (0.36)	0.4 (0.55)	0.04 (0.01)	0.8 (0.14)	0.2 (0.45)	0.13 (0.0)	0.96 (0.09)	0.8 (0.45)	0.17 (0.01)	0.96 (0.09)	0.8 (0.45)	0.13 (0.0)	0.96 (0.09)	0.8 (0.45)
rcv1subset3	proba__2	63.83 (6.34)	0.2 (0.0)	0.0 (0.0)	59.54 (6.65)	0.2 (0.0)	0.0 (0.0)	4.29 (0.72)	0.2 (0.0)	0.0 (0.0)	0.11 (0.0)	0.84 (0.22)	0.6 (0.55)	0.06 (0.0)	0.8 (0.2)	0.4 (0.55)	0.18 (0.01)	0.6 (0.0)	0.0 (0.0)	0.15 (0.0)	0.6 (0.0)	0.0 (0.0)	0.16 (0.01)	0.6 (0.0)	0.0 (0.0)	0.03 (0.0)	0.8 (0.2)	0.4 (0.55)	0.1 (0.0)	0.6 (0.0)	0.0 (0.0)	0.14 (0.0)	0.6 (0.0)	0.0 (0.0)	0.1 (0.01)	0.6 (0.0)	0.0 (0.0)	0.2 (0.03)	0.76 (0.26)	0.4 (0.55)	0.74 (0.04)	0.68 (0.11)	0.0 (0.0)	0.18 (0.01)	0.6 (0.0)	0.0 (0.0)	0.45 (0.03)	0.8 (0.28)	0.6 (0.55)	0.03 (0.0)	0.76 (0.17)	0.2 (0.45)	0.1 (0.0)	0.6 (0.0)	0.0 (0.0)	0.14 (0.0)	0.6 (0.0)	0.0 (0.0)	0.1 (0.0)	0.6 (0.0)	0.0 (0.0)
rcv1subset3	proba__6	128.09 (7.07)	0.4 (0.0)	0.0 (0.0)	119.07 (7.3)	0.4 (0.0)	0.0 (0.0)	9.02 (1.13)	0.4 (0.0)	0.0 (0.0)	0.11 (0.01)	0.8 (0.14)	0.2 (0.45)	0.06 (0.01)	0.8 (0.2)	0.4 (0.55)	0.21 (0.01)	0.84 (0.09)	0.2 (0.45)	0.19 (0.01)	0.84 (0.09)	0.2 (0.45)	0.18 (0.01)	0.92 (0.11)	0.6 (0.55)	0.03 (0.01)	0.8 (0.2)	0.4 (0.55)	0.12 (0.01)	0.84 (0.09)	0.2 (0.45)	0.17 (0.01)	0.84 (0.09)	0.2 (0.45)	0.12 (0.01)	0.88 (0.11)	0.4 (0.55)	0.19 (0.02)	0.64 (0.22)	0.0 (0.0)	0.66 (0.02)	0.36 (0.09)	0.0 (0.0)	0.25 (0.01)	0.84 (0.09)	0.2 (0.45)	0.42 (0.02)	0.68 (0.11)	0.0 (0.0)	0.04 (0.01)	0.84 (0.22)	0.6 (0.55)	0.13 (0.01)	0.84 (0.09)	0.2 (0.45)	0.17 (0.01)	0.84 (0.09)	0.2 (0.45)	0.13 (0.01)	0.84 (0.09)	0.2 (0.45)
rcv1subset4	embedding__10	2737.98 (47.96)	1.0 (0.0)	1.0 (0.0)	2348.37 (50.81)	1.0 (0.0)	1.0 (0.0)	389.61 (4.16)	1.0 (0.0)	1.0 (0.0)	0.06 (0.01)	0.32 (0.11)	0.0 (0.0)	0.02 (0.0)	0.32 (0.11)	0.0 (0.0)	0.08 (0.01)	0.36 (0.09)	0.0 (0.0)	0.07 (0.01)	0.32 (0.11)	0.0 (0.0)	0.07 (0.01)	0.32 (0.11)	0.0 (0.0)	0.01 (0.0)	0.32 (0.11)	0.0 (0.0)	0.04 (0.0)	0.36 (0.09)	0.0 (0.0)	0.07 (0.01)	0.32 (0.11)	0.0 (0.0)	0.04 (0.0)	0.36 (0.09)	0.0 (0.0)	0.16 (0.03)	0.36 (0.17)	0.0 (0.0)	0.78 (0.06)	0.72 (0.18)	0.2 (0.45)	0.08 (0.01)	0.32 (0.11)	0.0 (0.0)	0.42 (0.05)	0.48 (0.3)	0.0 (0.0)	0.01 (0.0)	0.32 (0.11)	0.0 (0.0)	0.04 (0.0)	0.36 (0.09)	0.0 (0.0)	0.07 (0.01)	0.32 (0.11)	0.0 (0.0)	0.04 (0.0)	0.36 (0.09)	0.0 (0.0)
rcv1subset4	embedding__5	1341.41 (11.2)	0.8 (0.0)	0.0 (0.0)	1143.17 (13.0)	0.8 (0.0)	0.0 (0.0)	198.24 (4.26)	0.8 (0.0)	0.0 (0.0)	0.07 (0.0)	0.28 (0.11)	0.0 (0.0)	0.02 (0.0)	0.28 (0.11)	0.0 (0.0)	0.08 (0.01)	0.24 (0.09)	0.0 (0.0)	0.07 (0.0)	0.28 (0.11)	0.0 (0.0)	0.07 (0.01)	0.28 (0.11)	0.0 (0.0)	0.01 (0.0)	0.28 (0.11)	0.0 (0.0)	0.04 (0.0)	0.24 (0.09)	0.0 (0.0)	0.07 (0.0)	0.28 (0.11)	0.0 (0.0)	0.04 (0.0)	0.24 (0.09)	0.0 (0.0)	0.18 (0.05)	0.52 (0.33)	0.2 (0.45)	0.79 (0.03)	0.88 (0.18)	0.6 (0.55)	0.08 (0.0)	0.28 (0.11)	0.0 (0.0)	0.45 (0.09)	0.6 (0.4)	0.4 (0.55)	0.01 (0.0)	0.28 (0.11)	0.0 (0.0)	0.04 (0.0)	0.24 (0.09)	0.0 (0.0)	0.07 (0.0)	0.28 (0.11)	0.0 (0.0)	0.04 (0.0)	0.24 (0.09)	0.0 (0.0)
rcv1subset4	proba__10	180.46 (8.47)	0.6 (0.0)	0.0 (0.0)	166.84 (9.16)	0.6 (0.0)	0.0 (0.0)	13.62 (0.78)	0.6 (0.0)	0.0 (0.0)	0.13 (0.01)	0.76 (0.22)	0.4 (0.55)	0.06 (0.0)	0.84 (0.17)	0.4 (0.55)	0.25 (0.01)	0.84 (0.17)	0.4 (0.55)	0.22 (0.01)	0.88 (0.11)	0.4 (0.55)	0.21 (0.01)	0.84 (0.17)	0.4 (0.55)	0.04 (0.0)	0.8 (0.2)	0.4 (0.55)	0.14 (0.01)	0.84 (0.17)	0.4 (0.55)	0.2 (0.01)	0.84 (0.17)	0.4 (0.55)	0.13 (0.01)	0.84 (0.17)	0.4 (0.55)	0.21 (0.03)	0.64 (0.33)	0.2 (0.45)	0.63 (0.01)	0.2 (0.0)	0.0 (0.0)	0.3 (0.01)	0.88 (0.11)	0.4 (0.55)	0.44 (0.02)	0.48 (0.18)	0.0 (0.0)	0.04 (0.0)	0.88 (0.18)	0.6 (0.55)	0.15 (0.01)	0.88 (0.11)	0.4 (0.55)	0.2 (0.01)	0.84 (0.17)	0.4 (0.55)	0.15 (0.01)	0.88 (0.11)	0.4 (0.55)
rcv1subset4	proba__2	58.74 (1.59)	0.2 (0.0)	0.0 (0.0)	54.34 (1.9)	0.2 (0.0)	0.0 (0.0)	4.39 (0.35)	0.2 (0.0)	0.0 (0.0)	0.14 (0.01)	0.84 (0.17)	0.4 (0.55)	0.06 (0.01)	0.84 (0.17)	0.4 (0.55)	0.22 (0.01)	0.64 (0.09)	0.0 (0.0)	0.19 (0.01)	0.6 (0.0)	0.0 (0.0)	0.19 (0.01)	0.64 (0.09)	0.0 (0.0)	0.04 (0.01)	0.88 (0.11)	0.4 (0.55)	0.12 (0.01)	0.64 (0.09)	0.0 (0.0)	0.18 (0.01)	0.64 (0.09)	0.0 (0.0)	0.12 (0.01)	0.64 (0.09)	0.0 (0.0)	0.24 (0.04)	0.84 (0.17)	0.4 (0.55)	0.79 (0.03)	0.8 (0.14)	0.2 (0.45)	0.23 (0.01)	0.6 (0.0)	0.0 (0.0)	0.52 (0.04)	0.92 (0.11)	0.6 (0.55)	0.04 (0.01)	0.76 (0.17)	0.2 (0.45)	0.13 (0.01)	0.6 (0.0)	0.0 (0.0)	0.18 (0.01)	0.64 (0.09)	0.0 (0.0)	0.13 (0.01)	0.6 (0.0)	0.0 (0.0)
rcv1subset4	proba__6	124.71 (6.95)	0.4 (0.0)	0.0 (0.0)	115.8 (7.27)	0.4 (0.0)	0.0 (0.0)	8.91 (0.43)	0.4 (0.0)	0.0 (0.0)	0.14 (0.01)	0.8 (0.14)	0.2 (0.45)	0.06 (0.01)	0.72 (0.18)	0.2 (0.45)	0.25 (0.01)	0.92 (0.11)	0.6 (0.55)	0.23 (0.01)	0.92 (0.11)	0.6 (0.55)	0.22 (0.01)	0.92 (0.11)	0.6 (0.55)	0.04 (0.01)	0.72 (0.18)	0.2 (0.45)	0.14 (0.01)	0.92 (0.11)	0.6 (0.55)	0.2 (0.01)	0.92 (0.11)	0.6 (0.55)	0.14 (0.01)	0.92 (0.11)	0.6 (0.55)	0.21 (0.04)	0.64 (0.26)	0.2 (0.45)	0.66 (0.01)	0.4 (0.0)	0.0 (0.0)	0.3 (0.01)	0.92 (0.11)	0.6 (0.55)	0.46 (0.04)	0.52 (0.18)	0.0 (0.0)	0.04 (0.01)	0.76 (0.17)	0.2 (0.45)	0.15 (0.01)	0.92 (0.11)	0.6 (0.55)	0.2 (0.01)	0.92 (0.11)	0.6 (0.55)	0.15 (0.01)	0.92 (0.11)	0.6 (0.55)
rcv1subset5	embedding__10	2678.58 (13.42)	1.0 (0.0)	1.0 (0.0)	2289.3 (13.5)	1.0 (0.0)	1.0 (0.0)	389.29 (1.92)	1.0 (0.0)	1.0 (0.0)	0.05 (0.01)	0.28 (0.11)	0.0 (0.0)	0.02 (0.01)	0.36 (0.09)	0.0 (0.0)	0.07 (0.02)	0.32 (0.11)	0.0 (0.0)	0.06 (0.01)	0.32 (0.11)	0.0 (0.0)	0.06 (0.02)	0.36 (0.09)	0.0 (0.0)	0.01 (0.0)	0.36 (0.09)	0.0 (0.0)	0.03 (0.01)	0.32 (0.11)	0.0 (0.0)	0.06 (0.01)	0.32 (0.11)	0.0 (0.0)	0.03 (0.01)	0.32 (0.11)	0.0 (0.0)	0.12 (0.02)	0.32 (0.11)	0.0 (0.0)	0.74 (0.04)	0.76 (0.17)	0.2 (0.45)	0.07 (0.01)	0.32 (0.11)	0.0 (0.0)	0.38 (0.04)	0.44 (0.26)	0.0 (0.0)	0.01 (0.0)	0.36 (0.09)	0.0 (0.0)	0.03 (0.01)	0.32 (0.11)	0.0 (0.0)	0.06 (0.01)	0.32 (0.11)	0.0 (0.0)	0.03 (0.01)	0.32 (0.11)	0.0 (0.0)
rcv1subset5	embedding__5	1360.68 (9.22)	0.8 (0.0)	0.0 (0.0)	1164.42 (12.06)	0.8 (0.0)	0.0 (0.0)	196.26 (5.17)	0.8 (0.0)	0.0 (0.0)	0.04 (0.0)	0.32 (0.11)	0.0 (0.0)	0.01 (0.01)	0.24 (0.09)	0.0 (0.0)	0.06 (0.01)	0.28 (0.11)	0.0 (0.0)	0.05 (0.01)	0.28 (0.11)	0.0 (0.0)	0.05 (0.01)	0.24 (0.09)	0.0 (0.0)	0.01 (0.0)	0.24 (0.09)	0.0 (0.0)	0.03 (0.0)	0.28 (0.11)	0.0 (0.0)	0.05 (0.01)	0.28 (0.11)	0.0 (0.0)	0.03 (0.0)	0.28 (0.11)	0.0 (0.0)	0.11 (0.03)	0.28 (0.11)	0.0 (0.0)	0.76 (0.03)	0.92 (0.11)	0.6 (0.55)	0.06 (0.01)	0.28 (0.11)	0.0 (0.0)	0.38 (0.06)	0.44 (0.26)	0.0 (0.0)	0.01 (0.0)	0.24 (0.09)	0.0 (0.0)	0.03 (0.0)	0.28 (0.11)	0.0 (0.0)	0.05 (0.01)	0.28 (0.11)	0.0 (0.0)	0.03 (0.0)	0.28 (0.11)	0.0 (0.0)
rcv1subset5	proba__10	181.82 (3.12)	0.6 (0.0)	0.0 (0.0)	167.94 (4.36)	0.6 (0.0)	0.0 (0.0)	13.87 (1.25)	0.6 (0.0)	0.0 (0.0)	0.11 (0.01)	0.76 (0.22)	0.4 (0.55)	0.06 (0.01)	0.8 (0.14)	0.2 (0.45)	0.25 (0.01)	0.96 (0.09)	0.8 (0.45)	0.22 (0.0)	0.96 (0.09)	0.8 (0.45)	0.21 (0.01)	0.96 (0.09)	0.8 (0.45)	0.03 (0.0)	0.8 (0.14)	0.2 (0.45)	0.14 (0.01)	0.96 (0.09)	0.8 (0.45)	0.19 (0.0)	0.96 (0.09)	0.8 (0.45)	0.13 (0.01)	0.96 (0.09)	0.8 (0.45)	0.18 (0.03)	0.68 (0.11)	0.0 (0.0)	0.61 (0.02)	0.2 (0.0)	0.0 (0.0)	0.33 (0.01)	1.0 (0.0)	1.0 (0.0)	0.41 (0.03)	0.52 (0.23)	0.0 (0.0)	0.04 (0.0)	0.84 (0.17)	0.4 (0.55)	0.16 (0.01)	0.96 (0.09)	0.8 (0.45)	0.19 (0.0)	0.96 (0.09)	0.8 (0.45)	0.16 (0.01)	0.96 (0.09)	0.8 (0.45)
rcv1subset5	proba__2	61.62 (4.2)	0.2 (0.0)	0.0 (0.0)	56.85 (5.01)	0.2 (0.0)	0.0 (0.0)	4.77 (0.82)	0.2 (0.0)	0.0 (0.0)	0.11 (0.01)	0.84 (0.09)	0.2 (0.45)	0.06 (0.01)	0.88 (0.18)	0.6 (0.55)	0.21 (0.01)	0.6 (0.0)	0.0 (0.0)	0.18 (0.01)	0.6 (0.0)	0.0 (0.0)	0.19 (0.01)	0.64 (0.09)	0.0 (0.0)	0.03 (0.0)	0.88 (0.18)	0.6 (0.55)	0.12 (0.01)	0.6 (0.0)	0.0 (0.0)	0.16 (0.01)	0.6 (0.0)	0.0 (0.0)	0.12 (0.01)	0.64 (0.09)	0.0 (0.0)	0.22 (0.02)	0.96 (0.09)	0.8 (0.45)	0.72 (0.02)	0.72 (0.18)	0.2 (0.45)	0.24 (0.02)	0.6 (0.0)	0.0 (0.0)	0.48 (0.02)	1.0 (0.0)	1.0 (0.0)	0.04 (0.0)	0.8 (0.14)	0.2 (0.45)	0.12 (0.01)	0.6 (0.0)	0.0 (0.0)	0.16 (0.01)	0.6 (0.0)	0.0 (0.0)	0.12 (0.01)	0.6 (0.0)	0.0 (0.0)
rcv1subset5	proba__6	121.64 (6.15)	0.4 (0.0)	0.0 (0.0)	112.25 (7.24)	0.4 (0.0)	0.0 (0.0)	9.38 (1.33)	0.4 (0.0)	0.0 (0.0)	0.1 (0.01)	0.8 (0.2)	0.4 (0.55)	0.05 (0.01)	0.72 (0.18)	0.2 (0.45)	0.24 (0.02)	0.84 (0.09)	0.2 (0.45)	0.21 (0.02)	0.84 (0.09)	0.2 (0.45)	0.2 (0.01)	0.8 (0.14)	0.2 (0.45)	0.03 (0.0)	0.72 (0.18)	0.2 (0.45)	0.14 (0.01)	0.84 (0.09)	0.2 (0.45)	0.18 (0.01)	0.84 (0.09)	0.2 (0.45)	0.13 (0.01)	0.8 (0.14)	0.2 (0.45)	0.16 (0.03)	0.76 (0.17)	0.2 (0.45)	0.64 (0.02)	0.4 (0.0)	0.0 (0.0)	0.31 (0.02)	0.8 (0.0)	0.0 (0.0)	0.41 (0.03)	0.6 (0.2)	0.0 (0.0)	0.03 (0.0)	0.76 (0.22)	0.4 (0.55)	0.15 (0.01)	0.84 (0.09)	0.2 (0.45)	0.18 (0.01)	0.84 (0.09)	0.2 (0.45)	0.15 (0.01)	0.84 (0.09)	0.2 (0.45)
scene	embedding__10	314.45 (4.86)	1.0 (0.0)	1.0 (0.0)	308.19 (5.31)	1.0 (0.0)	1.0 (0.0)	6.26 (0.5)	1.0 (0.0)	1.0 (0.0)	0.46 (0.03)	0.28 (0.11)	0.0 (0.0)	0.61 (0.02)	0.28 (0.11)	0.0 (0.0)	0.62 (0.02)	0.28 (0.11)	0.0 (0.0)	0.48 (0.02)	0.28 (0.11)	0.0 (0.0)	0.59 (0.02)	0.28 (0.11)	0.0 (0.0)	0.47 (0.02)	0.28 (0.11)	0.0 (0.0)	0.45 (0.02)	0.28 (0.11)	0.0 (0.0)	0.48 (0.03)	0.28 (0.11)	0.0 (0.0)	0.45 (0.02)	0.28 (0.11)	0.0 (0.0)	0.92 (0.02)	0.88 (0.11)	0.4 (0.55)	0.93 (0.01)	0.84 (0.09)	0.2 (0.45)	0.5 (0.02)	0.28 (0.11)	0.0 (0.0)	0.92 (0.02)	0.88 (0.11)	0.4 (0.55)	0.48 (0.02)	0.28 (0.11)	0.0 (0.0)	0.46 (0.02)	0.28 (0.11)	0.0 (0.0)	0.48 (0.03)	0.28 (0.11)	0.0 (0.0)	0.46 (0.02)	0.28 (0.11)	0.0 (0.0)
scene	embedding__5	159.71 (6.51)	0.8 (0.0)	0.0 (0.0)	156.29 (6.77)	0.8 (0.0)	0.0 (0.0)	3.42 (0.31)	0.8 (0.0)	0.0 (0.0)	0.47 (0.01)	0.32 (0.11)	0.0 (0.0)	0.62 (0.01)	0.32 (0.11)	0.0 (0.0)	0.63 (0.01)	0.32 (0.11)	0.0 (0.0)	0.49 (0.01)	0.32 (0.11)	0.0 (0.0)	0.6 (0.02)	0.32 (0.11)	0.0 (0.0)	0.48 (0.01)	0.32 (0.11)	0.0 (0.0)	0.46 (0.01)	0.32 (0.11)	0.0 (0.0)	0.49 (0.01)	0.32 (0.11)	0.0 (0.0)	0.46 (0.01)	0.32 (0.11)	0.0 (0.0)	0.92 (0.03)	0.92 (0.11)	0.6 (0.55)	0.94 (0.02)	0.96 (0.09)	0.8 (0.45)	0.5 (0.01)	0.32 (0.11)	0.0 (0.0)	0.92 (0.03)	0.88 (0.18)	0.6 (0.55)	0.49 (0.01)	0.32 (0.11)	0.0 (0.0)	0.47 (0.01)	0.32 (0.11)	0.0 (0.0)	0.49 (0.01)	0.32 (0.11)	0.0 (0.0)	0.47 (0.01)	0.32 (0.11)	0.0 (0.0)
scene	proba__10	12.59 (0.29)	0.6 (0.0)	0.0 (0.0)	10.72 (0.2)	0.6 (0.0)	0.0 (0.0)	1.87 (0.09)	0.6 (0.0)	0.0 (0.0)	0.68 (0.02)	0.88 (0.11)	0.4 (0.55)	0.77 (0.02)	0.84 (0.17)	0.4 (0.55)	0.77 (0.02)	0.84 (0.17)	0.4 (0.55)	0.72 (0.01)	0.92 (0.11)	0.6 (0.55)	0.76 (0.02)	0.84 (0.17)	0.4 (0.55)	0.65 (0.02)	0.84 (0.17)	0.4 (0.55)	0.62 (0.02)	0.84 (0.17)	0.4 (0.55)	0.71 (0.01)	0.92 (0.11)	0.6 (0.55)	0.63 (0.02)	0.84 (0.17)	0.4 (0.55)	0.85 (0.02)	0.28 (0.11)	0.0 (0.0)	0.85 (0.02)	0.28 (0.11)	0.0 (0.0)	0.74 (0.01)	0.88 (0.11)	0.4 (0.55)	0.84 (0.02)	0.28 (0.11)	0.0 (0.0)	0.71 (0.02)	0.92 (0.11)	0.6 (0.55)	0.7 (0.02)	0.88 (0.11)	0.4 (0.55)	0.72 (0.01)	0.92 (0.11)	0.6 (0.55)	0.7 (0.02)	0.88 (0.11)	0.4 (0.55)
scene	proba__2	3.87 (0.13)	0.2 (0.0)	0.0 (0.0)	3.21 (0.08)	0.2 (0.0)	0.0 (0.0)	0.65 (0.06)	0.2 (0.0)	0.0 (0.0)	0.65 (0.02)	0.68 (0.18)	0.2 (0.45)	0.76 (0.02)	0.72 (0.18)	0.2 (0.45)	0.75 (0.02)	0.76 (0.17)	0.2 (0.45)	0.69 (0.02)	0.6 (0.0)	0.0 (0.0)	0.75 (0.02)	0.72 (0.18)	0.2 (0.45)	0.63 (0.02)	0.72 (0.18)	0.2 (0.45)	0.61 (0.02)	0.76 (0.17)	0.2 (0.45)	0.68 (0.02)	0.6 (0.0)	0.0 (0.0)	0.61 (0.02)	0.72 (0.18)	0.2 (0.45)	0.88 (0.02)	0.56 (0.09)	0.0 (0.0)	0.88 (0.02)	0.56 (0.09)	0.0 (0.0)	0.7 (0.02)	0.6 (0.0)	0.0 (0.0)	0.87 (0.02)	0.6 (0.14)	0.0 (0.0)	0.68 (0.02)	0.6 (0.0)	0.0 (0.0)	0.66 (0.02)	0.6 (0.0)	0.0 (0.0)	0.68 (0.02)	0.6 (0.0)	0.0 (0.0)	0.66 (0.02)	0.6 (0.0)	0.0 (0.0)
scene	proba__6	8.26 (0.32)	0.4 (0.0)	0.0 (0.0)	7.03 (0.27)	0.4 (0.0)	0.0 (0.0)	1.23 (0.12)	0.4 (0.0)	0.0 (0.0)	0.68 (0.03)	0.84 (0.17)	0.4 (0.55)	0.77 (0.02)	0.84 (0.17)	0.4 (0.55)	0.77 (0.02)	0.8 (0.2)	0.4 (0.55)	0.72 (0.02)	0.88 (0.11)	0.4 (0.55)	0.76 (0.02)	0.84 (0.17)	0.4 (0.55)	0.65 (0.03)	0.84 (0.17)	0.4 (0.55)	0.62 (0.03)	0.8 (0.2)	0.4 (0.55)	0.71 (0.02)	0.88 (0.11)	0.4 (0.55)	0.63 (0.03)	0.84 (0.17)	0.4 (0.55)	0.85 (0.02)	0.36 (0.17)	0.0 (0.0)	0.85 (0.02)	0.36 (0.17)	0.0 (0.0)	0.74 (0.01)	0.92 (0.11)	0.6 (0.55)	0.85 (0.02)	0.36 (0.17)	0.0 (0.0)	0.71 (0.02)	0.88 (0.11)	0.4 (0.55)	0.7 (0.02)	0.92 (0.11)	0.6 (0.55)	0.72 (0.02)	0.88 (0.11)	0.4 (0.55)	0.7 (0.02)	0.92 (0.11)	0.6 (0.55)
yeast	embedding__10	349.37 (9.22)	1.0 (0.0)	1.0 (0.0)	342.56 (9.93)	1.0 (0.0)	1.0 (0.0)	6.81 (0.87)	1.0 (0.0)	1.0 (0.0)	0.14 (0.02)	0.36 (0.09)	0.0 (0.0)	0.3 (0.01)	0.4 (0.0)	0.0 (0.0)	0.62 (0.01)	0.36 (0.09)	0.0 (0.0)	0.6 (0.01)	0.36 (0.09)	0.0 (0.0)	0.52 (0.01)	0.36 (0.09)	0.0 (0.0)	0.23 (0.01)	0.36 (0.09)	0.0 (0.0)	0.45 (0.01)	0.36 (0.09)	0.0 (0.0)	0.49 (0.01)	0.36 (0.09)	0.0 (0.0)	0.41 (0.01)	0.36 (0.09)	0.0 (0.0)	0.36 (0.01)	0.2 (0.0)	0.0 (0.0)	0.69 (0.01)	0.44 (0.17)	0.0 (0.0)	0.69 (0.01)	0.44 (0.17)	0.0 (0.0)	0.56 (0.01)	0.24 (0.09)	0.0 (0.0)	0.31 (0.01)	0.4 (0.0)	0.0 (0.0)	0.56 (0.01)	0.4 (0.0)	0.0 (0.0)	0.57 (0.01)	0.4 (0.0)	0.0 (0.0)	0.56 (0.01)	0.4 (0.0)	0.0 (0.0)
yeast	embedding__5	177.97 (6.72)	0.8 (0.0)	0.0 (0.0)	174.42 (6.9)	0.8 (0.0)	0.0 (0.0)	3.56 (0.23)	0.8 (0.0)	0.0 (0.0)	0.13 (0.02)	0.24 (0.09)	0.0 (0.0)	0.28 (0.01)	0.2 (0.0)	0.0 (0.0)	0.61 (0.01)	0.24 (0.09)	0.0 (0.0)	0.59 (0.01)	0.24 (0.09)	0.0 (0.0)	0.5 (0.01)	0.24 (0.09)	0.0 (0.0)	0.22 (0.01)	0.24 (0.09)	0.0 (0.0)	0.44 (0.01)	0.24 (0.09)	0.0 (0.0)	0.48 (0.01)	0.24 (0.09)	0.0 (0.0)	0.4 (0.01)	0.24 (0.09)	0.0 (0.0)	0.37 (0.01)	0.4 (0.0)	0.0 (0.0)	0.7 (0.01)	0.6 (0.2)	0.0 (0.0)	0.7 (0.01)	0.76 (0.17)	0.2 (0.45)	0.57 (0.01)	0.36 (0.09)	0.0 (0.0)	0.29 (0.01)	0.2 (0.0)	0.0 (0.0)	0.54 (0.01)	0.2 (0.0)	0.0 (0.0)	0.54 (0.02)	0.2 (0.0)	0.0 (0.0)	0.54 (0.01)	0.2 (0.0)	0.0 (0.0)
yeast	proba__10	12.54 (0.25)	0.6 (0.0)	0.0 (0.0)	10.52 (0.27)	0.6 (0.0)	0.0 (0.0)	2.02 (0.09)	0.6 (0.0)	0.0 (0.0)	0.17 (0.01)	0.6 (0.0)	0.0 (0.0)	0.41 (0.01)	0.72 (0.11)	0.0 (0.0)	0.64 (0.0)	0.6 (0.0)	0.0 (0.0)	0.61 (0.01)	0.6 (0.0)	0.0 (0.0)	0.6 (0.0)	0.64 (0.09)	0.0 (0.0)	0.3 (0.01)	0.68 (0.11)	0.0 (0.0)	0.47 (0.01)	0.6 (0.0)	0.0 (0.0)	0.5 (0.01)	0.6 (0.0)	0.0 (0.0)	0.46 (0.0)	0.6 (0.0)	0.0 (0.0)	0.54 (0.03)	0.72 (0.11)	0.0 (0.0)	0.69 (0.02)	0.28 (0.18)	0.0 (0.0)	0.68 (0.01)	0.24 (0.09)	0.0 (0.0)	0.67 (0.02)	0.64 (0.09)	0.0 (0.0)	0.39 (0.0)	0.88 (0.11)	0.4 (0.55)	0.6 (0.01)	0.72 (0.18)	0.2 (0.45)	0.6 (0.01)	0.72 (0.11)	0.0 (0.0)	0.6 (0.01)	0.72 (0.18)	0.2 (0.45)
yeast	proba__2	4.15 (0.07)	0.2 (0.0)	0.0 (0.0)	3.37 (0.09)	0.2 (0.0)	0.0 (0.0)	0.78 (0.05)	0.2 (0.0)	0.0 (0.0)	0.22 (0.01)	0.92 (0.11)	0.6 (0.55)	0.41 (0.01)	0.8 (0.2)	0.4 (0.55)	0.66 (0.01)	0.92 (0.11)	0.6 (0.55)	0.63 (0.01)	0.92 (0.11)	0.6 (0.55)	0.61 (0.01)	0.88 (0.18)	0.6 (0.55)	0.3 (0.01)	0.88 (0.18)	0.6 (0.55)	0.49 (0.01)	0.92 (0.11)	0.6 (0.55)	0.53 (0.01)	0.96 (0.09)	0.8 (0.45)	0.48 (0.01)	0.88 (0.11)	0.4 (0.55)	0.58 (0.05)	0.84 (0.22)	0.6 (0.55)	0.72 (0.01)	0.92 (0.11)	0.6 (0.55)	0.71 (0.02)	0.88 (0.18)	0.6 (0.55)	0.69 (0.01)	0.92 (0.11)	0.6 (0.55)	0.38 (0.01)	0.68 (0.11)	0.0 (0.0)	0.61 (0.01)	0.84 (0.17)	0.4 (0.55)	0.61 (0.01)	0.8 (0.2)	0.4 (0.55)	0.61 (0.01)	0.84 (0.17)	0.4 (0.55)
yeast	proba__6	8.33 (0.15)	0.4 (0.0)	0.0 (0.0)	6.89 (0.18)	0.4 (0.0)	0.0 (0.0)	1.44 (0.05)	0.4 (0.0)	0.0 (0.0)	0.21 (0.03)	0.88 (0.11)	0.4 (0.55)	0.41 (0.01)	0.88 (0.18)	0.6 (0.55)	0.65 (0.01)	0.88 (0.11)	0.4 (0.55)	0.63 (0.01)	0.88 (0.11)	0.4 (0.55)	0.61 (0.01)	0.88 (0.11)	0.4 (0.55)	0.31 (0.01)	0.84 (0.17)	0.4 (0.55)	0.49 (0.01)	0.88 (0.11)	0.4 (0.55)	0.53 (0.02)	0.84 (0.09)	0.2 (0.45)	0.48 (0.01)	0.92 (0.11)	0.6 (0.55)	0.54 (0.03)	0.84 (0.17)	0.4 (0.55)	0.71 (0.02)	0.76 (0.26)	0.4 (0.55)	0.7 (0.02)	0.68 (0.27)	0.2 (0.45)	0.67 (0.02)	0.84 (0.17)	0.4 (0.55)	0.39 (0.01)	0.84 (0.22)	0.6 (0.55)	0.61 (0.02)	0.84 (0.17)	0.4 (0.55)	0.62 (0.01)	0.88 (0.18)	0.6 (0.55)	0.61 (0.02)	0.84 (0.17)	0.4 (0.55)
